NEW_LANGUAGE_ISSUE,PARTICIPANTS,DURATION,OLD_LANGUAGE_ISSUE,RELATED_LEVEL,RELATED_CLASS,ISSUE_ASKER,PYTHON_USER,R_USER,MULTI-LANGUAGE_USER
https://github.com/aloysius-lim/bigrf/issues/1,1,8,https://github.com/scikit-learn/scikit-learn/issues/571,R,R,aloysius-lim,1,1,1
https://github.com/aloysius-lim/bigrf/issues/10,2,4,None,W,W,aloysius-lim,1,1,1
https://github.com/aloysius-lim/bigrf/issues/11,1,1,https://github.com/scikit-learn/scikit-learn/issues/2458,O,O,aloysius-lim,1,1,1
https://github.com/aloysius-lim/bigrf/issues/12,2,2,https://github.com/scikit-learn/scikit-learn/issues/538,Y,B,aloysius-lim,1,1,1
https://github.com/aloysius-lim/bigrf/issues/13,3,14,None,W,W,aloysius-lim,1,1,1
https://github.com/aloysius-lim/bigrf/issues/14,2,2,https://github.com/scikit-learn/scikit-learn/issues/1732,O,O,aloysius-lim,1,1,1
https://github.com/aloysius-lim/bigrf/issues/15,3,488,None,W,W,aloysius-lim,1,1,1
https://github.com/aloysius-lim/bigrf/issues/16,4,214,None,W,W,aloysius-lim,1,1,1
https://github.com/aloysius-lim/bigrf/issues/17,2,6,None,W,W,aloysius-lim,1,1,1
https://github.com/aloysius-lim/bigrf/issues/18,1,1,None,W,W,aloysius-lim,1,1,1
https://github.com/aloysius-lim/bigrf/issues/19,1,1,https://github.com/scikit-learn/scikit-learn/issues/1729,Y,G,aloysius-lim,1,1,1
https://github.com/aloysius-lim/bigrf/issues/2,2,2,https://github.com/scikit-learn/scikit-learn/issues/6665,Y,Y,aloysius-lim,1,1,1
https://github.com/aloysius-lim/bigrf/issues/20,2,1,https://github.com/scikit-learn/scikit-learn/issues/5940,Y,P,aloysius-lim,1,1,1
https://github.com/aloysius-lim/bigrf/issues/3,1,1,None,W,W,aloysius-lim,1,1,1
https://github.com/aloysius-lim/bigrf/issues/4,2,1,None,W,W,aloysius-lim,1,1,1
https://github.com/aloysius-lim/bigrf/issues/5,3,453,https://github.com/scikit-learn/scikit-learn/issues/5181,R,O,aloysius-lim,1,1,1
https://github.com/aloysius-lim/bigrf/issues/6,3,1659,None,W,W,aloysius-lim,1,1,1
https://github.com/aloysius-lim/bigrf/issues/7,3,768,https://github.com/scikit-learn/scikit-learn/issues/5115,Y,P,aloysius-lim,1,1,1
https://github.com/aloysius-lim/bigrf/issues/8,4,481,None,W,W,aloysius-lim,1,1,1
https://github.com/aloysius-lim/bigrf/issues/9,2,2,None,W,W,aloysius-lim,1,1,1
https://github.com/Dani-Basta/TFG/issues/1,2,1,None,W,W,Dani-Basta,1,1,1
https://github.com/Dani-Basta/TFG/issues/2,1,1,https://github.com/scikit-learn/scikit-learn/issues/23,O,O,Dani-Basta,1,1,1
https://github.com/Dani-Basta/TFG/issues/3,1,1,None,W,W,Dani-Basta,1,1,1
https://github.com/eaHat/classyfire/issues/1,1,1,None,W,W,eaHat,1,1,1
https://github.com/eaHat/classyfire/issues/10,1,1,https://github.com/scikit-learn/scikit-learn/issues/1304,R,O,eaHat,1,1,1
https://github.com/eaHat/classyfire/issues/11,1,1,None,W,W,eaHat,1,1,1
https://github.com/eaHat/classyfire/issues/12,1,1,None,W,W,eaHat,1,1,1
https://github.com/eaHat/classyfire/issues/13,1,1,None,W,W,eaHat,1,1,1
https://github.com/eaHat/classyfire/issues/14,1,1,None,W,W,eaHat,1,1,1
https://github.com/eaHat/classyfire/issues/15,1,1,None,W,W,eaHat,1,1,1
https://github.com/eaHat/classyfire/issues/16,0,1,None,W,W,eaHat,1,1,1
https://github.com/eaHat/classyfire/issues/17,0,1,None,W,W,eaHat,1,1,1
https://github.com/eaHat/classyfire/issues/2,1,1,None,W,W,eaHat,1,1,1
https://github.com/eaHat/classyfire/issues/3,1,1,None,W,W,eaHat,1,1,1
https://github.com/eaHat/classyfire/issues/4,1,1,None,W,W,eaHat,1,1,1
https://github.com/eaHat/classyfire/issues/5,1,1,None,W,W,eaHat,1,1,1
https://github.com/eaHat/classyfire/issues/6,1,1,None,W,W,eaHat,1,1,1
https://github.com/eaHat/classyfire/issues/7,1,1,None,W,W,eaHat,1,1,1
https://github.com/eaHat/classyfire/issues/8,1,1,None,W,W,eaHat,1,1,1
https://github.com/eaHat/classyfire/issues/9,1,1,None,W,W,eaHat,1,1,1
https://github.com/zmjones/edarf/issues/1,2,1,None,W,W,zmjones,1,1,1
https://github.com/zmjones/edarf/issues/10,2,1,None,W,W,zmjones,1,1,1
https://github.com/zmjones/edarf/issues/11,2,1,None,W,W,zmjones,1,1,1
https://github.com/zmjones/edarf/issues/12,2,11,https://github.com/scikit-learn/scikit-learn/issues/97,O,O,zmjones,1,1,1
https://github.com/zmjones/edarf/issues/13,1,1,None,W,W,zmjones,1,1,1
https://github.com/zmjones/edarf/issues/14,2,86,https://github.com/scikit-learn/scikit-learn/issues/1381,Y,B,zmjones,1,1,1
https://github.com/zmjones/edarf/issues/15,1,1,None,W,W,zmjones,1,1,1
https://github.com/zmjones/edarf/issues/16,1,1,None,W,W,zmjones,1,1,1
https://github.com/zmjones/edarf/issues/17,1,83,https://github.com/scikit-learn/scikit-learn/issues/2861,Y,B,zmjones,1,1,1
https://github.com/zmjones/edarf/issues/18,1,1,None,W,W,zmjones,1,1,1
https://github.com/zmjones/edarf/issues/19,2,269,None,W,W,zmjones,1,1,1
https://github.com/zmjones/edarf/issues/2,1,1,None,W,W,zmjones,1,1,1
https://github.com/zmjones/edarf/issues/20,1,1,https://github.com/scikit-learn/scikit-learn/issues/4546,Y,R,zmjones,1,1,1
https://github.com/zmjones/edarf/issues/21,2,2,None,W,W,zmjones,1,1,1
https://github.com/zmjones/edarf/issues/22,1,1,None,W,W,zmjones,1,1,1
https://github.com/zmjones/edarf/issues/23,2,42,None,W,W,zmjones,1,1,1
https://github.com/zmjones/edarf/issues/24,1,1,https://github.com/scikit-learn/scikit-learn/issues/4114,Y,O,zmjones,1,1,1
https://github.com/zmjones/edarf/issues/25,2,7,https://github.com/scikit-learn/scikit-learn/issues/5653,Y,O,zmjones,1,1,1
https://github.com/zmjones/edarf/issues/26,1,1,None,W,W,zmjones,1,1,1
https://github.com/zmjones/edarf/issues/27,1,27,None,W,W,zmjones,1,1,1
https://github.com/zmjones/edarf/issues/28,2,1,https://github.com/scikit-learn/scikit-learn/issues/5041,O,O,zmjones,1,1,1
https://github.com/zmjones/edarf/issues/29,1,5,https://github.com/scikit-learn/scikit-learn/issues/5653,O,O,zmjones,1,1,1
https://github.com/zmjones/edarf/issues/3,1,174,None,W,W,zmjones,1,1,1
https://github.com/zmjones/edarf/issues/30,2,31,None,W,W,zmjones,1,1,1
https://github.com/zmjones/edarf/issues/31,1,2,None,W,W,zmjones,1,1,1
https://github.com/zmjones/edarf/issues/32,1,9,None,W,W,zmjones,1,1,1
https://github.com/zmjones/edarf/issues/33,1,13,None,W,W,zmjones,1,1,1
https://github.com/zmjones/edarf/issues/34,1,1,None,W,W,zmjones,1,1,1
https://github.com/zmjones/edarf/issues/35,1,1,None,W,W,zmjones,1,1,1
https://github.com/zmjones/edarf/issues/36,2,1,None,W,W,zmjones,1,1,1
https://github.com/zmjones/edarf/issues/37,2,1,None,W,W,zmjones,1,1,1
https://github.com/zmjones/edarf/issues/38,2,97,None,W,W,zmjones,1,1,1
https://github.com/zmjones/edarf/issues/39,2,12,https://github.com/scikit-learn/scikit-learn/issues/798,Y,G,zmjones,1,1,1
https://github.com/zmjones/edarf/issues/4,2,1,None,W,W,zmjones,1,1,1
https://github.com/zmjones/edarf/issues/40,1,215,None,W,W,zmjones,1,1,1
https://github.com/zmjones/edarf/issues/41,1,3,https://github.com/scikit-learn/scikit-learn/issues/97,Y,O,zmjones,1,1,1
https://github.com/zmjones/edarf/issues/42,1,1,None,W,W,zmjones,1,1,1
https://github.com/zmjones/edarf/issues/43,2,2,None,W,W,zmjones,1,1,1
https://github.com/zmjones/edarf/issues/44,2,192,None,W,W,zmjones,1,1,1
https://github.com/zmjones/edarf/issues/45,2,1,None,W,W,zmjones,1,1,1
https://github.com/zmjones/edarf/issues/46,2,1,None,W,W,zmjones,1,1,1
https://github.com/zmjones/edarf/issues/47,2,2,None,W,W,zmjones,1,1,1
https://github.com/zmjones/edarf/issues/48,2,1,None,W,W,zmjones,1,1,1
https://github.com/zmjones/edarf/issues/49,2,1,None,W,W,zmjones,1,1,1
https://github.com/zmjones/edarf/issues/5,2,2,None,W,W,zmjones,1,1,1
https://github.com/zmjones/edarf/issues/50,2,1,None,W,W,zmjones,1,1,1
https://github.com/zmjones/edarf/issues/51,2,2,None,W,W,zmjones,1,1,1
https://github.com/zmjones/edarf/issues/52,2,1,None,W,W,zmjones,1,1,1
https://github.com/zmjones/edarf/issues/53,2,1,https://github.com/scikit-learn/scikit-learn/issues/2923,Y,Y,zmjones,1,1,1
https://github.com/zmjones/edarf/issues/54,2,5,https://github.com/scikit-learn/scikit-learn/issues/1732,R,O,zmjones,1,1,1
https://github.com/zmjones/edarf/issues/55,2,108,None,W,W,zmjones,1,1,1
https://github.com/zmjones/edarf/issues/56,2,2,https://github.com/scikit-learn/scikit-learn/issues/6767,O,R,zmjones,1,1,1
https://github.com/zmjones/edarf/issues/57,2,5,https://github.com/scikit-learn/scikit-learn/issues/3313,O,Y,zmjones,1,1,1
https://github.com/zmjones/edarf/issues/6,1,22,None,W,W,zmjones,1,1,1
https://github.com/zmjones/edarf/issues/7,1,141,https://github.com/scikit-learn/scikit-learn/issues/970,R,O,zmjones,1,1,1
https://github.com/zmjones/edarf/issues/8,1,19,None,W,W,zmjones,1,1,1
https://github.com/zmjones/edarf/issues/9,1,1,None,W,W,zmjones,1,1,1
https://github.com/ehrlinger/ggRandomForests/issues/1,2,2,None,W,W,ehrlinger,1,1,1
https://github.com/ehrlinger/ggRandomForests/issues/10,1,1,None,W,W,ehrlinger,1,1,1
https://github.com/ehrlinger/ggRandomForests/issues/11,1,1,None,W,W,ehrlinger,1,1,1
https://github.com/ehrlinger/ggRandomForests/issues/12,1,1,https://github.com/scikit-learn/scikit-learn/issues/5041,R,O,ehrlinger,1,1,1
https://github.com/ehrlinger/ggRandomForests/issues/13,1,1,None,W,W,ehrlinger,1,1,1
https://github.com/ehrlinger/ggRandomForests/issues/14,1,1,https://github.com/scikit-learn/scikit-learn/issues/7091,O,Y,ehrlinger,1,1,1
https://github.com/ehrlinger/ggRandomForests/issues/15,1,1,None,W,W,ehrlinger,1,1,1
https://github.com/ehrlinger/ggRandomForests/issues/16,1,1,None,W,W,ehrlinger,1,1,1
https://github.com/ehrlinger/ggRandomForests/issues/17,1,1,None,W,W,ehrlinger,1,1,1
https://github.com/ehrlinger/ggRandomForests/issues/18,1,54,None,W,W,ehrlinger,1,1,1
https://github.com/ehrlinger/ggRandomForests/issues/19,1,1,None,W,W,ehrlinger,1,1,1
https://github.com/ehrlinger/ggRandomForests/issues/2,2,1,None,W,W,ehrlinger,1,1,1
https://github.com/ehrlinger/ggRandomForests/issues/20,1,1,None,W,W,ehrlinger,1,1,1
https://github.com/ehrlinger/ggRandomForests/issues/21,1,1,None,W,W,ehrlinger,1,1,1
https://github.com/ehrlinger/ggRandomForests/issues/22,1,1,None,W,W,ehrlinger,1,1,1
https://github.com/ehrlinger/ggRandomForests/issues/23,1,1,None,W,W,ehrlinger,1,1,1
https://github.com/ehrlinger/ggRandomForests/issues/24,2,1,https://github.com/scikit-learn/scikit-learn/issues/2777,Y,G,ehrlinger,1,1,1
https://github.com/ehrlinger/ggRandomForests/issues/25,3,336,None,W,W,ehrlinger,1,1,1
https://github.com/ehrlinger/ggRandomForests/issues/26,1,1,https://github.com/scikit-learn/scikit-learn/issues/3298,R,O,ehrlinger,1,1,1
https://github.com/ehrlinger/ggRandomForests/issues/27,2,2,None,W,W,ehrlinger,1,1,1
https://github.com/ehrlinger/ggRandomForests/issues/28,2,18,None,W,W,ehrlinger,1,1,1
https://github.com/ehrlinger/ggRandomForests/issues/29,2,1,None,W,W,ehrlinger,1,1,1
https://github.com/ehrlinger/ggRandomForests/issues/3,1,3,None,W,W,ehrlinger,1,1,1
https://github.com/ehrlinger/ggRandomForests/issues/30,3,497,None,W,W,ehrlinger,1,1,1
https://github.com/ehrlinger/ggRandomForests/issues/31,1,1,None,W,W,ehrlinger,1,1,1
https://github.com/ehrlinger/ggRandomForests/issues/32,1,1,None,W,W,ehrlinger,1,1,1
https://github.com/ehrlinger/ggRandomForests/issues/4,1,1,None,W,W,ehrlinger,1,1,1
https://github.com/ehrlinger/ggRandomForests/issues/5,1,32,None,W,W,ehrlinger,1,1,1
https://github.com/ehrlinger/ggRandomForests/issues/6,1,10,None,W,W,ehrlinger,1,1,1
https://github.com/ehrlinger/ggRandomForests/issues/7,1,1,https://github.com/scikit-learn/scikit-learn/issues/2154,R,O,ehrlinger,1,1,1
https://github.com/ehrlinger/ggRandomForests/issues/8,1,1,None,W,W,ehrlinger,1,1,1
https://github.com/ehrlinger/ggRandomForests/issues/9,1,30,None,W,W,ehrlinger,1,1,1
https://github.com/grf-labs/grf/issues/1,1,1,None,W,W,jtibshirani,1,0,1
https://github.com/grf-labs/grf/issues/10,1,1,https://github.com/scikit-learn/scikit-learn/issues/2639,Y,O,jtibshirani,1,0,1
https://github.com/grf-labs/grf/issues/100,1,1,None,W,W,jtibshirani,1,0,1
https://github.com/grf-labs/grf/issues/101,1,1,None,W,W,jtibshirani,1,0,1
https://github.com/grf-labs/grf/issues/102,2,1,None,W,W,agrawalraj,1,1,1
https://github.com/grf-labs/grf/issues/103,1,1,https://github.com/scikit-learn/scikit-learn/issues/5041,Y,O,jtibshirani,1,0,1
https://github.com/grf-labs/grf/issues/104,1,1,None,W,W,jtibshirani,1,0,1
https://github.com/grf-labs/grf/issues/105,1,418,None,W,W,jtibshirani,1,0,1
https://github.com/grf-labs/grf/issues/106,1,1,None,W,W,jtibshirani,1,0,1
https://github.com/grf-labs/grf/issues/107,1,1,https://github.com/scikit-learn/scikit-learn/issues/482,Y,P,jtibshirani,1,0,1
https://github.com/grf-labs/grf/issues/108,2,1,None,W,W,jtibshirani,1,0,1
https://github.com/grf-labs/grf/issues/109,3,249,None,W,W,jtibshirani,1,0,1
https://github.com/grf-labs/grf/issues/11,1,1,None,W,W,jtibshirani,1,0,1
https://github.com/grf-labs/grf/issues/110,1,1,None,W,W,jtibshirani,1,0,1
https://github.com/grf-labs/grf/issues/111,1,1,https://github.com/scikit-learn/scikit-learn/issues/482,Y,P,jtibshirani,1,0,1
https://github.com/grf-labs/grf/issues/112,1,1,https://github.com/scikit-learn/scikit-learn/issues/482,Y,P,jtibshirani,1,0,1
https://github.com/grf-labs/grf/issues/113,1,1,None,W,W,jtibshirani,1,0,1
https://github.com/grf-labs/grf/issues/114,1,1,None,W,W,jtibshirani,1,0,1
https://github.com/grf-labs/grf/issues/115,1,1,None,W,W,jtibshirani,1,0,1
https://github.com/grf-labs/grf/issues/116,1,1,None,W,W,jtibshirani,1,0,1
https://github.com/grf-labs/grf/issues/117,3,53,None,W,W,tvatter,1,1,1
https://github.com/grf-labs/grf/issues/118,1,1,None,W,W,jtibshirani,1,0,1
https://github.com/grf-labs/grf/issues/119,1,1,https://github.com/scikit-learn/scikit-learn/issues/97,Y,O,jtibshirani,1,0,1
https://github.com/grf-labs/grf/issues/12,1,1,None,W,W,jtibshirani,1,0,1
https://github.com/grf-labs/grf/issues/120,4,12,None,W,W,wilvancleve,0,0,0
https://github.com/grf-labs/grf/issues/121,1,1,None,W,W,jtibshirani,1,0,1
https://github.com/grf-labs/grf/issues/122,1,1,None,W,W,jtibshirani,1,0,1
https://github.com/grf-labs/grf/issues/123,2,1,None,W,W,jcook29,0,0,0
https://github.com/grf-labs/grf/issues/124,1,1,None,W,W,jtibshirani,1,0,1
https://github.com/grf-labs/grf/issues/125,1,1,None,W,W,jtibshirani,1,0,1
https://github.com/grf-labs/grf/issues/126,1,1,None,W,W,jtibshirani,1,0,1
https://github.com/grf-labs/grf/issues/127,1,1,None,W,W,jtibshirani,1,0,1
https://github.com/grf-labs/grf/issues/128,4,1,None,W,W,patr1ckm,1,1,1
https://github.com/grf-labs/grf/issues/129,3,1,None,W,W,jsrich,0,0,0
https://github.com/grf-labs/grf/issues/13,1,1,None,W,W,jtibshirani,1,0,1
https://github.com/grf-labs/grf/issues/130,7,268,None,W,W,jsrich,0,0,0
https://github.com/grf-labs/grf/issues/131,1,1,None,W,W,jtibshirani,1,0,1
https://github.com/grf-labs/grf/issues/132,2,1,None,W,W,mdweaver,1,1,1
https://github.com/grf-labs/grf/issues/133,1,1,None,W,W,KunKuang,1,0,1
https://github.com/grf-labs/grf/issues/134,1,1,None,W,W,KunKuang,1,0,1
https://github.com/grf-labs/grf/issues/135,2,159,None,W,W,KunKuang,1,0,1
https://github.com/grf-labs/grf/issues/136,4,345,None,W,W,dswatson,0,1,0
https://github.com/grf-labs/grf/issues/137,2,17,https://github.com/scikit-learn/scikit-learn/issues/1435,O,O,jasonhuang99,0,0,0
https://github.com/grf-labs/grf/issues/138,3,15,https://github.com/scikit-learn/scikit-learn/issues/5940,Y,P,tcovert,0,1,1
https://github.com/grf-labs/grf/issues/139,1,1,None,W,W,jtibshirani,1,0,1
https://github.com/grf-labs/grf/issues/14,1,1,None,W,W,jtibshirani,1,0,1
https://github.com/grf-labs/grf/issues/140,1,1,None,W,W,jtibshirani,1,0,1
https://github.com/grf-labs/grf/issues/141,1,1,None,W,W,jtibshirani,1,0,1
https://github.com/grf-labs/grf/issues/142,1,1,https://github.com/scikit-learn/scikit-learn/issues/448,R,O,jtibshirani,1,0,1
https://github.com/grf-labs/grf/issues/143,2,72,None,W,W,jtibshirani,1,0,1
https://github.com/grf-labs/grf/issues/144,1,1,None,W,W,jtibshirani,1,0,1
https://github.com/grf-labs/grf/issues/145,1,1,None,W,W,jtibshirani,1,0,1
https://github.com/grf-labs/grf/issues/146,2,32,None,W,W,eddelbuettel,0,1,1
https://github.com/grf-labs/grf/issues/147,2,5,None,W,W,andreacaflisch,0,0,0
https://github.com/grf-labs/grf/issues/148,1,1,None,W,W,jtibshirani,1,0,1
https://github.com/grf-labs/grf/issues/149,1,1,None,W,W,jtibshirani,1,0,1
https://github.com/grf-labs/grf/issues/15,1,1,https://github.com/scikit-learn/scikit-learn/issues/326,Y,O,jtibshirani,1,0,1
https://github.com/grf-labs/grf/issues/150,1,1,None,W,W,jtibshirani,1,0,1
https://github.com/grf-labs/grf/issues/151,1,1,None,W,W,jtibshirani,1,0,1
https://github.com/grf-labs/grf/issues/152,1,1,None,W,W,jtibshirani,1,0,1
https://github.com/grf-labs/grf/issues/153,1,2,None,W,W,jtibshirani,1,0,1
https://github.com/grf-labs/grf/issues/154,1,1,None,W,W,jtibshirani,1,0,1
https://github.com/grf-labs/grf/issues/155,1,1,https://github.com/scikit-learn/scikit-learn/issues/5646,Y,B,jtibshirani,1,0,1
https://github.com/grf-labs/grf/issues/156,1,1,https://github.com/scikit-learn/scikit-learn/issues/2399,Y,O,jtibshirani,1,0,1
https://github.com/grf-labs/grf/issues/157,1,1,None,W,W,jtibshirani,1,0,1
https://github.com/grf-labs/grf/issues/158,1,1,None,W,W,jtibshirani,1,0,1
https://github.com/grf-labs/grf/issues/159,1,1,None,W,W,jtibshirani,1,0,1
https://github.com/grf-labs/grf/issues/16,1,1,None,W,W,jtibshirani,1,0,1
https://github.com/grf-labs/grf/issues/160,1,1,None,W,W,jtibshirani,1,0,1
https://github.com/grf-labs/grf/issues/161,1,1,None,W,W,jtibshirani,1,0,1
https://github.com/grf-labs/grf/issues/162,1,1,None,W,W,jtibshirani,1,0,1
https://github.com/grf-labs/grf/issues/163,1,1,None,W,W,jtibshirani,1,0,1
https://github.com/grf-labs/grf/issues/164,1,1,None,W,W,jtibshirani,1,0,1
https://github.com/grf-labs/grf/issues/165,1,1,None,W,W,jtibshirani,1,0,1
https://github.com/grf-labs/grf/issues/166,1,1,None,W,W,jtibshirani,1,0,1
https://github.com/grf-labs/grf/issues/167,1,1,None,W,W,jtibshirani,1,0,1
https://github.com/grf-labs/grf/issues/168,1,1,None,W,W,jtibshirani,1,0,1
https://github.com/grf-labs/grf/issues/169,1,1,None,W,W,jtibshirani,1,0,1
https://github.com/grf-labs/grf/issues/17,1,1,None,W,W,jtibshirani,1,0,1
https://github.com/grf-labs/grf/issues/170,1,1,https://github.com/scikit-learn/scikit-learn/issues/3204,Y,O,jtibshirani,1,0,1
https://github.com/grf-labs/grf/issues/171,1,1,None,W,W,jtibshirani,1,0,1
https://github.com/grf-labs/grf/issues/172,1,1,None,W,W,jtibshirani,1,0,1
https://github.com/grf-labs/grf/issues/173,3,384,https://github.com/scikit-learn/scikit-learn/issues/310,Y,O,jeffwong,1,1,1
https://github.com/grf-labs/grf/issues/174,3,188,None,W,W,amilymoor,1,1,1
https://github.com/grf-labs/grf/issues/175,1,1,None,W,W,swager,1,1,1
https://github.com/grf-labs/grf/issues/176,2,1,None,W,W,JREED1234,0,0,0
https://github.com/grf-labs/grf/issues/177,1,1,None,W,W,swager,1,1,1
https://github.com/grf-labs/grf/issues/178,3,44,None,W,W,lminer,1,0,1
https://github.com/grf-labs/grf/issues/179,5,387,https://github.com/scikit-learn/scikit-learn/issues/3313,Y,R,walterwzhang,0,1,1
https://github.com/grf-labs/grf/issues/18,1,1,None,W,W,jtibshirani,1,0,1
https://github.com/grf-labs/grf/issues/180,3,18,None,W,W,jtibshirani,1,0,1
https://github.com/grf-labs/grf/issues/181,1,1,None,W,W,jtibshirani,1,0,1
https://github.com/grf-labs/grf/issues/182,1,1,https://github.com/scikit-learn/scikit-learn/issues/2747,O,O,jtibshirani,1,0,1
https://github.com/grf-labs/grf/issues/183,1,1,None,W,W,jtibshirani,1,0,1
https://github.com/grf-labs/grf/issues/184,1,1,None,W,W,jtibshirani,1,0,1
https://github.com/grf-labs/grf/issues/185,1,1,None,W,W,jtibshirani,1,0,1
https://github.com/grf-labs/grf/issues/186,1,1,None,W,W,jtibshirani,1,0,1
https://github.com/grf-labs/grf/issues/187,1,1,None,W,W,jtibshirani,1,0,1
https://github.com/grf-labs/grf/issues/188,1,1,None,W,W,jtibshirani,1,0,1
https://github.com/grf-labs/grf/issues/189,1,1,None,W,W,jtibshirani,1,0,1
https://github.com/grf-labs/grf/issues/19,1,1,None,W,W,jtibshirani,1,0,1
https://github.com/grf-labs/grf/issues/190,1,1,None,W,W,jtibshirani,1,0,1
https://github.com/grf-labs/grf/issues/191,1,1,None,W,W,jtibshirani,1,0,1
https://github.com/grf-labs/grf/issues/192,1,1,None,W,W,jtibshirani,1,0,1
https://github.com/grf-labs/grf/issues/193,1,1,None,W,W,jtibshirani,1,0,1
https://github.com/grf-labs/grf/issues/194,1,1,None,W,W,swager,1,1,1
https://github.com/grf-labs/grf/issues/195,1,1,None,W,W,jtibshirani,1,0,1
https://github.com/grf-labs/grf/issues/196,2,1,None,W,W,swager,1,1,1
https://github.com/grf-labs/grf/issues/197,1,1,None,W,W,jtibshirani,1,0,1
https://github.com/grf-labs/grf/issues/198,1,1,None,W,W,jtibshirani,1,0,1
https://github.com/grf-labs/grf/issues/199,1,1,https://github.com/scikit-learn/scikit-learn/issues/5041,Y,O,jtibshirani,1,0,1
https://github.com/grf-labs/grf/issues/2,2,1,None,W,W,swager,1,1,1
https://github.com/grf-labs/grf/issues/20,1,1,None,W,W,jtibshirani,1,0,1
https://github.com/grf-labs/grf/issues/200,1,1,None,W,W,jtibshirani,1,0,1
https://github.com/grf-labs/grf/issues/201,1,1,None,W,W,jtibshirani,1,0,1
https://github.com/grf-labs/grf/issues/202,1,1,None,W,W,jtibshirani,1,0,1
https://github.com/grf-labs/grf/issues/203,1,1,None,W,W,jtibshirani,1,0,1
https://github.com/grf-labs/grf/issues/204,1,1,None,W,W,jtibshirani,1,0,1
https://github.com/grf-labs/grf/issues/205,1,1,None,W,W,jtibshirani,1,0,1
https://github.com/grf-labs/grf/issues/206,1,1,None,W,W,jtibshirani,1,0,1
https://github.com/grf-labs/grf/issues/207,1,1,https://github.com/scikit-learn/scikit-learn/issues/5041,Y,O,jtibshirani,1,0,1
https://github.com/grf-labs/grf/issues/208,1,1,https://github.com/scikit-learn/scikit-learn/issues/5041,Y,O,jtibshirani,1,0,1
https://github.com/grf-labs/grf/issues/209,1,1,None,W,W,swager,1,1,1
https://github.com/grf-labs/grf/issues/21,1,1,https://github.com/scikit-learn/scikit-learn/issues/6411,Y,P,swager,1,1,1
https://github.com/grf-labs/grf/issues/210,1,1,None,W,W,jtibshirani,1,0,1
https://github.com/grf-labs/grf/issues/211,1,1,None,W,W,swager,1,1,1
https://github.com/grf-labs/grf/issues/212,1,1,None,W,W,jtibshirani,1,0,1
https://github.com/grf-labs/grf/issues/213,1,1,None,W,W,jtibshirani,1,0,1
https://github.com/grf-labs/grf/issues/214,1,1,None,W,W,jtibshirani,1,0,1
https://github.com/grf-labs/grf/issues/215,1,1,None,W,W,swager,1,1,1
https://github.com/grf-labs/grf/issues/216,1,1,https://github.com/scikit-learn/scikit-learn/issues/5491,Y,O,jtibshirani,1,0,1
https://github.com/grf-labs/grf/issues/217,1,1,None,W,W,jtibshirani,1,0,1
https://github.com/grf-labs/grf/issues/218,1,1,None,W,W,jtibshirani,1,0,1
https://github.com/grf-labs/grf/issues/219,1,2,None,W,W,adamonkey,1,0,1
https://github.com/grf-labs/grf/issues/22,1,1,None,W,W,jtibshirani,1,0,1
https://github.com/grf-labs/grf/issues/220,1,1,None,W,W,swager,1,1,1
https://github.com/grf-labs/grf/issues/221,1,1,None,W,W,jtibshirani,1,0,1
https://github.com/grf-labs/grf/issues/222,2,1,None,W,W,rinafriedberg,0,0,0
https://github.com/grf-labs/grf/issues/223,2,1,None,W,W,rinafriedberg,0,0,0
https://github.com/grf-labs/grf/issues/224,1,1,None,W,W,jtibshirani,1,0,1
https://github.com/grf-labs/grf/issues/225,1,1,None,W,W,jtibshirani,1,0,1
https://github.com/grf-labs/grf/issues/226,2,1,None,W,W,jtibshirani,1,0,1
https://github.com/grf-labs/grf/issues/227,1,1,None,W,W,jtibshirani,1,0,1
https://github.com/grf-labs/grf/issues/228,2,1,https://github.com/scikit-learn/scikit-learn/issues/5491,Y,O,swager,1,1,1
https://github.com/grf-labs/grf/issues/229,2,1,None,W,W,swager,1,1,1
https://github.com/grf-labs/grf/issues/23,1,1,None,W,W,jtibshirani,1,0,1
https://github.com/grf-labs/grf/issues/230,1,1,None,W,W,jtibshirani,1,0,1
https://github.com/grf-labs/grf/issues/231,1,1,https://github.com/scikit-learn/scikit-learn/issues/5041,O,O,jtibshirani,1,0,1
https://github.com/grf-labs/grf/issues/232,1,1,None,W,W,jtibshirani,1,0,1
https://github.com/grf-labs/grf/issues/233,1,1,https://github.com/scikit-learn/scikit-learn/issues/1732,Y,O,jtibshirani,1,0,1
https://github.com/grf-labs/grf/issues/234,2,1,None,W,W,jtibshirani,1,0,1
https://github.com/grf-labs/grf/issues/235,1,1,None,W,W,jtibshirani,1,0,1
https://github.com/grf-labs/grf/issues/236,4,183,None,W,W,jtibshirani,1,0,1
https://github.com/grf-labs/grf/issues/237,3,1,https://github.com/scikit-learn/scikit-learn/issues/448,Y,O,susanathey,0,1,1
https://github.com/grf-labs/grf/issues/238,8,108,None,W,W,markhwhiteii,0,1,1
https://github.com/grf-labs/grf/issues/239,1,1,https://github.com/scikit-learn/scikit-learn/issues/6313,Y,O,rinafriedberg,0,0,0
https://github.com/grf-labs/grf/issues/24,1,1,None,W,W,jtibshirani,1,0,1
https://github.com/grf-labs/grf/issues/240,2,1,None,W,W,rinafriedberg,0,0,0
https://github.com/grf-labs/grf/issues/241,2,1,None,W,W,swager,1,1,1
https://github.com/grf-labs/grf/issues/242,1,1,None,W,W,jtibshirani,1,0,1
https://github.com/grf-labs/grf/issues/243,4,20,None,W,W,engie-elkhait-meine,0,0,0
https://github.com/grf-labs/grf/issues/244,1,1,None,W,W,swager,1,1,1
https://github.com/grf-labs/grf/issues/245,1,1,None,W,W,jtibshirani,1,0,1
https://github.com/grf-labs/grf/issues/246,3,70,None,W,W,rduncant,0,0,0
https://github.com/grf-labs/grf/issues/247,4,1,None,W,W,kcrum,1,0,1
https://github.com/grf-labs/grf/issues/248,3,2,None,W,W,predt,0,0,0
https://github.com/grf-labs/grf/issues/249,4,71,None,W,W,kingsharaman,0,0,1
https://github.com/grf-labs/grf/issues/25,1,1,None,W,W,jtibshirani,1,0,1
https://github.com/grf-labs/grf/issues/250,4,8,None,W,W,JREED1234,0,0,0
https://github.com/grf-labs/grf/issues/251,2,1,None,W,W,jtibshirani,1,0,1
https://github.com/grf-labs/grf/issues/252,3,68,None,W,W,jtibshirani,1,0,1
https://github.com/grf-labs/grf/issues/253,3,46,None,W,W,halflearned,1,1,1
https://github.com/grf-labs/grf/issues/254,3,13,https://github.com/scikit-learn/scikit-learn/issues/1732,Y,O,jtibshirani,1,0,1
https://github.com/grf-labs/grf/issues/255,3,7,None,W,W,predt,0,0,0
https://github.com/grf-labs/grf/issues/256,3,2,None,W,W,tabacof,1,0,1
https://github.com/grf-labs/grf/issues/257,4,8,None,W,W,snowde,1,1,1
https://github.com/grf-labs/grf/issues/258,3,21,None,W,W,predt,0,0,0
https://github.com/grf-labs/grf/issues/259,3,18,None,W,W,halflearned,1,1,1
https://github.com/grf-labs/grf/issues/26,1,1,None,W,W,jtibshirani,1,0,1
https://github.com/grf-labs/grf/issues/260,1,4,https://github.com/scikit-learn/scikit-learn/issues/3808,O,P,jtibshirani,1,0,1
https://github.com/grf-labs/grf/issues/261,2,1,None,W,W,swager,1,1,1
https://github.com/grf-labs/grf/issues/262,2,1,None,W,W,swager,1,1,1
https://github.com/grf-labs/grf/issues/263,2,1,None,W,W,swager,1,1,1
https://github.com/grf-labs/grf/issues/264,2,1,None,W,W,rinafriedberg,0,0,0
https://github.com/grf-labs/grf/issues/265,1,1,None,W,W,jtibshirani,1,0,1
https://github.com/grf-labs/grf/issues/266,1,1,None,W,W,jtibshirani,1,0,1
https://github.com/grf-labs/grf/issues/267,1,1,None,W,W,jtibshirani,1,0,1
https://github.com/grf-labs/grf/issues/268,1,1,None,W,W,jtibshirani,1,0,1
https://github.com/grf-labs/grf/issues/269,1,1,None,W,W,jtibshirani,1,0,1
https://github.com/grf-labs/grf/issues/27,2,2,None,W,W,tvatter,1,1,1
https://github.com/grf-labs/grf/issues/270,5,6,None,W,W,klosins,1,1,1
https://github.com/grf-labs/grf/issues/271,2,88,None,W,W,jtibshirani,1,0,1
https://github.com/grf-labs/grf/issues/272,3,128,None,W,W,jtibshirani,1,0,1
https://github.com/grf-labs/grf/issues/273,4,31,None,W,W,jtibshirani,1,0,1
https://github.com/grf-labs/grf/issues/274,1,1,None,W,W,jtibshirani,1,0,1
https://github.com/grf-labs/grf/issues/275,2,56,None,W,W,jtibshirani,1,0,1
https://github.com/grf-labs/grf/issues/276,3,11,None,W,W,jtibshirani,1,0,1
https://github.com/grf-labs/grf/issues/277,2,1,None,W,W,susanathey,0,1,1
https://github.com/grf-labs/grf/issues/278,3,1,https://github.com/scikit-learn/scikit-learn/issues/5491,O,O,jtibshirani,1,0,1
https://github.com/grf-labs/grf/issues/279,2,1,None,W,W,swager,1,1,1
https://github.com/grf-labs/grf/issues/28,3,8,None,W,W,bquistorff,1,0,1
https://github.com/grf-labs/grf/issues/280,3,2,https://github.com/scikit-learn/scikit-learn/issues/3464,Y,P,cnUCL,0,0,0
https://github.com/grf-labs/grf/issues/281,2,63,None,W,W,swager,1,1,1
https://github.com/grf-labs/grf/issues/282,2,6,None,W,W,rinafriedberg,0,0,0
https://github.com/grf-labs/grf/issues/283,2,1,None,W,W,yatharth,1,1,1
https://github.com/grf-labs/grf/issues/284,2,5,None,W,W,yatharth,1,1,1
https://github.com/grf-labs/grf/issues/285,3,229,None,W,W,rajkumarkarthik,0,0,1
https://github.com/grf-labs/grf/issues/286,4,33,https://github.com/scikit-learn/scikit-learn/issues/6261,O,O,Buyannemekh,1,1,1
https://github.com/grf-labs/grf/issues/287,3,1,None,W,W,rinafriedberg,0,0,0
https://github.com/grf-labs/grf/issues/288,4,7,None,W,W,swager,1,1,1
https://github.com/grf-labs/grf/issues/289,2,1,None,W,W,rinafriedberg,0,0,0
https://github.com/grf-labs/grf/issues/29,1,1,None,W,W,jtibshirani,1,0,1
https://github.com/grf-labs/grf/issues/290,2,1,None,W,W,jtibshirani,1,0,1
https://github.com/grf-labs/grf/issues/291,2,1,None,W,W,tibshirani,0,1,1
https://github.com/grf-labs/grf/issues/292,2,1,https://github.com/scikit-learn/scikit-learn/issues/3817,O,B,tibshirani,0,1,1
https://github.com/grf-labs/grf/issues/293,1,1,None,W,W,halflearned,1,1,1
https://github.com/grf-labs/grf/issues/294,3,1,None,W,W,halflearned,1,1,1
https://github.com/grf-labs/grf/issues/295,4,88,None,W,W,gannawag,0,0,0
https://github.com/grf-labs/grf/issues/296,2,1,None,W,W,jtibshirani,1,0,1
https://github.com/grf-labs/grf/issues/297,2,1,None,W,W,jtibshirani,1,0,1
https://github.com/grf-labs/grf/issues/298,1,1,https://github.com/scikit-learn/scikit-learn/issues/6338,O,O,jtibshirani,1,0,1
https://github.com/grf-labs/grf/issues/299,1,1,None,W,W,jtibshirani,1,0,1
https://github.com/grf-labs/grf/issues/3,1,1,None,W,W,jtibshirani,1,0,1
https://github.com/grf-labs/grf/issues/30,1,1,None,W,W,jtibshirani,1,0,1
https://github.com/grf-labs/grf/issues/300,1,1,None,W,W,jtibshirani,1,0,1
https://github.com/grf-labs/grf/issues/301,3,2,None,W,W,BrianMiner,1,1,1
https://github.com/grf-labs/grf/issues/302,2,1,None,W,W,jtibshirani,1,0,1
https://github.com/grf-labs/grf/issues/303,1,1,None,W,W,jtibshirani,1,0,1
https://github.com/grf-labs/grf/issues/304,2,1,None,W,W,swager,1,1,1
https://github.com/grf-labs/grf/issues/305,2,2,None,W,W,jtibshirani,1,0,1
https://github.com/grf-labs/grf/issues/306,2,1,None,W,W,swager,1,1,1
https://github.com/grf-labs/grf/issues/307,2,16,None,W,W,tcovert,0,1,1
https://github.com/grf-labs/grf/issues/308,1,1,None,W,W,jtibshirani,1,0,1
https://github.com/grf-labs/grf/issues/309,3,6,None,W,W,ZhangMengxia,1,0,0
https://github.com/grf-labs/grf/issues/31,1,1,None,W,W,jtibshirani,1,0,1
https://github.com/grf-labs/grf/issues/310,4,54,None,W,W,ZhangMengxia,1,0,0
https://github.com/grf-labs/grf/issues/311,2,12,None,W,W,ZhangMengxia,1,0,0
https://github.com/grf-labs/grf/issues/312,2,20,None,W,W,pmeloni,0,0,0
https://github.com/grf-labs/grf/issues/313,3,55,None,W,W,Isidoro90,1,0,1
https://github.com/grf-labs/grf/issues/314,3,3,None,W,W,kendonB,1,1,1
https://github.com/grf-labs/grf/issues/315,4,3,None,W,W,kendonB,1,1,1
https://github.com/grf-labs/grf/issues/316,2,1,None,W,W,jtibshirani,1,0,1
https://github.com/grf-labs/grf/issues/317,2,1,None,W,W,jtibshirani,1,0,1
https://github.com/grf-labs/grf/issues/318,3,16,None,W,W,jtibshirani,1,0,1
https://github.com/grf-labs/grf/issues/319,2,1,None,W,W,jtibshirani,1,0,1
https://github.com/grf-labs/grf/issues/32,1,1,None,W,W,jtibshirani,1,0,1
https://github.com/grf-labs/grf/issues/320,2,1,None,W,W,jtibshirani,1,0,1
https://github.com/grf-labs/grf/issues/321,1,1,None,W,W,jtibshirani,1,0,1
https://github.com/grf-labs/grf/issues/322,2,1,https://github.com/scikit-learn/scikit-learn/issues/6394,R,O,jtibshirani,1,0,1
https://github.com/grf-labs/grf/issues/323,2,1,None,W,W,jtibshirani,1,0,1
https://github.com/grf-labs/grf/issues/324,2,1,None,W,W,jtibshirani,1,0,1
https://github.com/grf-labs/grf/issues/325,1,5,None,W,W,halflearned,1,1,1
https://github.com/grf-labs/grf/issues/326,2,2,None,W,W,halflearned,1,1,1
https://github.com/grf-labs/grf/issues/327,2,6,None,W,W,halflearned,1,1,1
https://github.com/grf-labs/grf/issues/328,3,4,None,W,W,kendonB,1,1,1
https://github.com/grf-labs/grf/issues/329,3,28,None,W,W,jtibshirani,1,0,1
https://github.com/grf-labs/grf/issues/33,1,1,None,W,W,jtibshirani,1,0,1
https://github.com/grf-labs/grf/issues/330,4,1,None,W,W,tw10,0,0,0
https://github.com/grf-labs/grf/issues/331,2,14,None,W,W,halflearned,1,1,1
https://github.com/grf-labs/grf/issues/332,2,1,None,W,W,jtibshirani,1,0,1
https://github.com/grf-labs/grf/issues/34,1,1,None,W,W,jtibshirani,1,0,1
https://github.com/grf-labs/grf/issues/35,1,1,None,W,W,jtibshirani,1,0,1
https://github.com/grf-labs/grf/issues/36,3,1,None,W,W,sofiav23,0,0,0
https://github.com/grf-labs/grf/issues/37,1,1,None,W,W,swager,1,1,1
https://github.com/grf-labs/grf/issues/38,1,1,None,W,W,swager,1,1,1
https://github.com/grf-labs/grf/issues/39,1,1,https://github.com/scikit-learn/scikit-learn/issues/3645,O,O,swager,1,1,1
https://github.com/grf-labs/grf/issues/4,1,1,None,W,W,jtibshirani,1,0,1
https://github.com/grf-labs/grf/issues/40,1,1,https://github.com/scikit-learn/scikit-learn/issues/2747,Y,O,jtibshirani,1,0,1
https://github.com/grf-labs/grf/issues/41,1,1,https://github.com/scikit-learn/scikit-learn/issues/2488,Y,P,jtibshirani,1,0,1
https://github.com/grf-labs/grf/issues/42,1,1,None,W,W,jtibshirani,1,0,1
https://github.com/grf-labs/grf/issues/43,1,1,None,W,W,jtibshirani,1,0,1
https://github.com/grf-labs/grf/issues/44,1,1,None,W,W,jtibshirani,1,0,1
https://github.com/grf-labs/grf/issues/45,1,1,None,W,W,jtibshirani,1,0,1
https://github.com/grf-labs/grf/issues/46,1,1,https://github.com/scikit-learn/scikit-learn/issues/2387,Y,P,jtibshirani,1,0,1
https://github.com/grf-labs/grf/issues/47,1,1,https://github.com/scikit-learn/scikit-learn/issues/7320,Y,P,jtibshirani,1,0,1
https://github.com/grf-labs/grf/issues/48,1,1,https://github.com/scikit-learn/scikit-learn/issues/6394,Y,P,jtibshirani,1,0,1
https://github.com/grf-labs/grf/issues/49,1,1,https://github.com/scikit-learn/scikit-learn/issues/6638,Y,P,jtibshirani,1,0,1
https://github.com/grf-labs/grf/issues/5,1,1,None,W,W,jtibshirani,1,0,1
https://github.com/grf-labs/grf/issues/50,1,1,None,W,W,jtibshirani,1,0,1
https://github.com/grf-labs/grf/issues/51,1,1,None,W,W,jtibshirani,1,0,1
https://github.com/grf-labs/grf/issues/52,1,1,None,W,W,jtibshirani,1,0,1
https://github.com/grf-labs/grf/issues/53,1,1,https://github.com/scikit-learn/scikit-learn/issues/941,R,O,jtibshirani,1,0,1
https://github.com/grf-labs/grf/issues/54,1,1,https://github.com/scikit-learn/scikit-learn/issues/941,R,O,jtibshirani,1,0,1
https://github.com/grf-labs/grf/issues/55,1,1,None,W,W,jtibshirani,1,0,1
https://github.com/grf-labs/grf/issues/56,1,1,https://github.com/scikit-learn/scikit-learn/issues/7243,Y,O,jtibshirani,1,0,1
https://github.com/grf-labs/grf/issues/57,1,1,None,W,W,jtibshirani,1,0,1
https://github.com/grf-labs/grf/issues/58,1,1,None,W,W,swager,1,1,1
https://github.com/grf-labs/grf/issues/59,1,1,None,W,W,jtibshirani,1,0,1
https://github.com/grf-labs/grf/issues/6,1,1,None,W,W,jtibshirani,1,0,1
https://github.com/grf-labs/grf/issues/60,1,1,None,W,W,jtibshirani,1,0,1
https://github.com/grf-labs/grf/issues/61,1,1,None,W,W,swager,1,1,1
https://github.com/grf-labs/grf/issues/62,1,1,https://github.com/scikit-learn/scikit-learn/issues/5491,Y,O,jtibshirani,1,0,1
https://github.com/grf-labs/grf/issues/63,1,1,None,W,W,jtibshirani,1,0,1
https://github.com/grf-labs/grf/issues/64,1,1,None,W,W,jtibshirani,1,0,1
https://github.com/grf-labs/grf/issues/65,2,1,None,W,W,swager,1,1,1
https://github.com/grf-labs/grf/issues/66,1,1,None,W,W,swager,1,1,1
https://github.com/grf-labs/grf/issues/67,1,1,None,W,W,swager,1,1,1
https://github.com/grf-labs/grf/issues/68,1,1,None,W,W,swager,1,1,1
https://github.com/grf-labs/grf/issues/69,1,1,None,W,W,jtibshirani,1,0,1
https://github.com/grf-labs/grf/issues/7,1,1,https://github.com/scikit-learn/scikit-learn/issues/2639,Y,O,jtibshirani,1,0,1
https://github.com/grf-labs/grf/issues/70,1,1,None,W,W,swager,1,1,1
https://github.com/grf-labs/grf/issues/71,1,1,None,W,W,jtibshirani,1,0,1
https://github.com/grf-labs/grf/issues/72,2,1,None,W,W,swager,1,1,1
https://github.com/grf-labs/grf/issues/73,1,1,https://github.com/scikit-learn/scikit-learn/issues/3735,R,B,jtibshirani,1,0,1
https://github.com/grf-labs/grf/issues/74,1,1,None,W,W,swager,1,1,1
https://github.com/grf-labs/grf/issues/75,1,1,None,W,W,jtibshirani,1,0,1
https://github.com/grf-labs/grf/issues/76,1,1,https://github.com/scikit-learn/scikit-learn/issues/2282,Y,O,jtibshirani,1,0,1
https://github.com/grf-labs/grf/issues/77,1,1,None,W,W,jtibshirani,1,0,1
https://github.com/grf-labs/grf/issues/78,1,1,None,W,W,jtibshirani,1,0,1
https://github.com/grf-labs/grf/issues/79,1,1,None,W,W,swager,1,1,1
https://github.com/grf-labs/grf/issues/8,1,1,None,W,W,jtibshirani,1,0,1
https://github.com/grf-labs/grf/issues/80,1,1,None,W,W,swager,1,1,1
https://github.com/grf-labs/grf/issues/81,1,1,None,W,W,swager,1,1,1
https://github.com/grf-labs/grf/issues/82,1,1,None,W,W,jtibshirani,1,0,1
https://github.com/grf-labs/grf/issues/83,1,1,None,W,W,jtibshirani,1,0,1
https://github.com/grf-labs/grf/issues/84,1,1,None,W,W,jtibshirani,1,0,1
https://github.com/grf-labs/grf/issues/85,1,1,None,W,W,jtibshirani,1,0,1
https://github.com/grf-labs/grf/issues/86,2,1,None,W,W,swager,1,1,1
https://github.com/grf-labs/grf/issues/87,1,1,None,W,W,jtibshirani,1,0,1
https://github.com/grf-labs/grf/issues/88,1,1,None,W,W,jtibshirani,1,0,1
https://github.com/grf-labs/grf/issues/89,1,1,None,W,W,jtibshirani,1,0,1
https://github.com/grf-labs/grf/issues/9,1,1,None,W,W,jtibshirani,1,0,1
https://github.com/grf-labs/grf/issues/90,1,1,None,W,W,jtibshirani,1,0,1
https://github.com/grf-labs/grf/issues/91,1,1,None,W,W,jtibshirani,1,0,1
https://github.com/grf-labs/grf/issues/92,2,1,None,W,W,jtibshirani,1,0,1
https://github.com/grf-labs/grf/issues/93,1,1,None,W,W,jtibshirani,1,0,1
https://github.com/grf-labs/grf/issues/94,1,1,None,W,W,jtibshirani,1,0,1
https://github.com/grf-labs/grf/issues/95,1,1,https://github.com/scikit-learn/scikit-learn/issues/1998,R,P,jtibshirani,1,0,1
https://github.com/grf-labs/grf/issues/96,1,1,None,W,W,jtibshirani,1,0,1
https://github.com/grf-labs/grf/issues/97,1,1,None,W,W,jtibshirani,1,0,1
https://github.com/grf-labs/grf/issues/98,1,1,None,W,W,jtibshirani,1,0,1
https://github.com/grf-labs/grf/issues/99,2,177,None,W,W,jeffwong,1,1,1
https://github.com/imbs-hl/ranger/issues/1,1,1,None,W,W,mnwright,0,1,1
https://github.com/imbs-hl/ranger/issues/10,1,1,None,W,W,mnwright,0,1,1
https://github.com/imbs-hl/ranger/issues/100,1,1,None,W,W,mnwright,0,1,1
https://github.com/imbs-hl/ranger/issues/101,2,1,None,W,W,mnwright,0,1,1
https://github.com/imbs-hl/ranger/issues/102,2,3,None,W,W,mutian-niu,1,0,0
https://github.com/imbs-hl/ranger/issues/103,2,2,None,W,W,ccshao,1,1,1
https://github.com/imbs-hl/ranger/issues/104,2,1,None,W,W,mnwright,0,1,1
https://github.com/imbs-hl/ranger/issues/105,2,1,None,W,W,mnwright,0,1,1
https://github.com/imbs-hl/ranger/issues/106,2,6,None,W,W,hedaobaishui,1,0,0
https://github.com/imbs-hl/ranger/issues/107,2,1,None,W,W,animusnaturae,0,1,0
https://github.com/imbs-hl/ranger/issues/108,2,1,None,W,W,mnwright,0,1,1
https://github.com/imbs-hl/ranger/issues/109,2,1,None,W,W,mnwright,0,1,1
https://github.com/imbs-hl/ranger/issues/11,1,1,None,W,W,mnwright,0,1,1
https://github.com/imbs-hl/ranger/issues/110,3,1,None,W,W,mnwright,0,1,1
https://github.com/imbs-hl/ranger/issues/111,3,1,None,W,W,mnwright,0,1,1
https://github.com/imbs-hl/ranger/issues/112,2,1,None,W,W,mnwright,0,1,1
https://github.com/imbs-hl/ranger/issues/113,2,1,None,W,W,mnwright,0,1,1
https://github.com/imbs-hl/ranger/issues/114,2,2,None,W,W,Thie1e,0,1,1
https://github.com/imbs-hl/ranger/issues/115,2,1,None,W,W,mnwright,0,1,1
https://github.com/imbs-hl/ranger/issues/116,2,283,None,W,W,mayer79,1,1,1
https://github.com/imbs-hl/ranger/issues/117,6,652,None,W,W,Mestalbet,1,0,0
https://github.com/imbs-hl/ranger/issues/118,1,1,None,W,W,krlmlr,0,1,1
https://github.com/imbs-hl/ranger/issues/119,3,6,None,W,W,mnwright,0,1,1
https://github.com/imbs-hl/ranger/issues/12,1,1,None,W,W,mnwright,0,1,1
https://github.com/imbs-hl/ranger/issues/120,2,1,None,W,W,mnwright,0,1,1
https://github.com/imbs-hl/ranger/issues/121,5,231,None,W,W,blueagave,0,0,0
https://github.com/imbs-hl/ranger/issues/122,3,31,None,W,W,jwijffels,1,1,1
https://github.com/imbs-hl/ranger/issues/123,2,1,None,W,W,mnwright,0,1,1
https://github.com/imbs-hl/ranger/issues/124,2,1,None,W,W,traffinot,0,1,0
https://github.com/imbs-hl/ranger/issues/125,2,4,https://github.com/scikit-learn/scikit-learn/issues/394,Y,R,Eric2333,0,0,0
https://github.com/imbs-hl/ranger/issues/126,2,2,None,W,W,tchakravarty,1,1,1
https://github.com/imbs-hl/ranger/issues/127,2,1,None,W,W,mnwright,0,1,1
https://github.com/imbs-hl/ranger/issues/128,1,1,None,W,W,mnwright,0,1,1
https://github.com/imbs-hl/ranger/issues/129,1,1,None,W,W,mnwright,0,1,1
https://github.com/imbs-hl/ranger/issues/13,1,1,None,W,W,mnwright,0,1,1
https://github.com/imbs-hl/ranger/issues/130,2,1,None,W,W,PhilippPro,0,1,1
https://github.com/imbs-hl/ranger/issues/131,3,596,None,W,W,PhilippPro,0,1,1
https://github.com/imbs-hl/ranger/issues/132,2,1,None,W,W,caewok,0,1,1
https://github.com/imbs-hl/ranger/issues/133,5,661,https://github.com/scikit-learn/scikit-learn/issues/1732,R,O,while,1,1,1
https://github.com/imbs-hl/ranger/issues/134,2,8,None,W,W,W4gs,0,0,0
https://github.com/imbs-hl/ranger/issues/135,8,224,None,W,W,randomgambit,1,1,1
https://github.com/imbs-hl/ranger/issues/136,5,744,None,W,W,thengl,0,1,1
https://github.com/imbs-hl/ranger/issues/137,4,79,None,W,W,mnwright,0,1,1
https://github.com/imbs-hl/ranger/issues/138,2,5,None,W,W,jakob-r,0,1,1
https://github.com/imbs-hl/ranger/issues/139,3,761,https://github.com/scikit-learn/scikit-learn/issues/2089,O,R,mayer79,1,1,1
https://github.com/imbs-hl/ranger/issues/14,1,1,None,W,W,mnwright,0,1,1
https://github.com/imbs-hl/ranger/issues/140,2,1,None,W,W,mnwright,0,1,1
https://github.com/imbs-hl/ranger/issues/141,2,1,None,W,W,mnwright,0,1,1
https://github.com/imbs-hl/ranger/issues/142,4,715,None,W,W,dwmmclaughlin,0,0,0
https://github.com/imbs-hl/ranger/issues/143,2,2,None,W,W,thengl,0,1,1
https://github.com/imbs-hl/ranger/issues/144,3,143,https://github.com/scikit-learn/scikit-learn/issues/5491,Y,O,lixin4306ren,1,1,1
https://github.com/imbs-hl/ranger/issues/145,3,140,None,W,W,traffinot,0,1,0
https://github.com/imbs-hl/ranger/issues/146,3,182,None,W,W,krishnateja614,1,1,1
https://github.com/imbs-hl/ranger/issues/147,2,35,None,W,W,rfcv,0,0,0
https://github.com/imbs-hl/ranger/issues/148,2,131,None,W,W,MiksLynx,0,1,0
https://github.com/imbs-hl/ranger/issues/149,2,1,None,W,W,mnwright,0,1,1
https://github.com/imbs-hl/ranger/issues/15,2,51,https://github.com/scikit-learn/scikit-learn/issues/5974,R,O,giuseppec,1,1,1
https://github.com/imbs-hl/ranger/issues/150,2,1,None,W,W,mnwright,0,1,1
https://github.com/imbs-hl/ranger/issues/151,2,13,None,W,W,piotrszul,1,1,1
https://github.com/imbs-hl/ranger/issues/152,2,77,None,W,W,thierrygosselin,1,1,1
https://github.com/imbs-hl/ranger/issues/153,2,1,None,W,W,mnwright,0,1,1
https://github.com/imbs-hl/ranger/issues/154,2,1,None,W,W,jeffkeller87,1,1,1
https://github.com/imbs-hl/ranger/issues/155,3,27,None,W,W,walterwzhang,0,1,1
https://github.com/imbs-hl/ranger/issues/156,2,1,None,W,W,hadjipantelis,0,1,1
https://github.com/imbs-hl/ranger/issues/157,2,1,None,W,W,mnwright,0,1,1
https://github.com/imbs-hl/ranger/issues/158,2,68,https://github.com/scikit-learn/scikit-learn/issues/479,Y,P,afonsoguerra,0,1,1
https://github.com/imbs-hl/ranger/issues/159,2,1,None,W,W,mnwright,0,1,1
https://github.com/imbs-hl/ranger/issues/16,1,1,None,W,W,mnwright,0,1,1
https://github.com/imbs-hl/ranger/issues/160,2,2,None,W,W,jakob-r,0,1,1
https://github.com/imbs-hl/ranger/issues/161,2,1,None,W,W,mnwright,0,1,1
https://github.com/imbs-hl/ranger/issues/162,2,40,https://github.com/scikit-learn/scikit-learn/issues/6838,Y,P,talgalili,1,1,1
https://github.com/imbs-hl/ranger/issues/163,1,1,None,W,W,256zib,0,0,0
https://github.com/imbs-hl/ranger/issues/164,1,1,None,W,W,256zib,0,0,0
https://github.com/imbs-hl/ranger/issues/165,2,1,None,W,W,mnwright,0,1,1
https://github.com/imbs-hl/ranger/issues/166,2,1,None,W,W,mnwright,0,1,1
https://github.com/imbs-hl/ranger/issues/167,3,351,None,W,W,EricArcher,0,1,1
https://github.com/imbs-hl/ranger/issues/168,3,13,https://github.com/scikit-learn/scikit-learn/issues/571,Y,O,CorinnaSchmalohr,0,1,0
https://github.com/imbs-hl/ranger/issues/169,2,39,None,W,W,payton1,0,0,0
https://github.com/imbs-hl/ranger/issues/17,2,2,None,W,W,rmflight,1,1,1
https://github.com/imbs-hl/ranger/issues/170,5,74,None,W,W,coforfe,0,1,1
https://github.com/imbs-hl/ranger/issues/171,2,2,None,W,W,jrvianna,0,1,0
https://github.com/imbs-hl/ranger/issues/172,2,4,None,W,W,mllg,1,1,1
https://github.com/imbs-hl/ranger/issues/173,3,367,None,W,W,mnwright,0,1,1
https://github.com/imbs-hl/ranger/issues/174,2,1,None,W,W,mnwright,0,1,1
https://github.com/imbs-hl/ranger/issues/175,6,618,None,W,W,ck37,1,1,1
https://github.com/imbs-hl/ranger/issues/176,2,19,None,W,W,Jtrack01,0,0,0
https://github.com/imbs-hl/ranger/issues/177,2,5,None,W,W,EricArcher,0,1,1
https://github.com/imbs-hl/ranger/issues/178,2,136,None,W,W,topepo,0,1,1
https://github.com/imbs-hl/ranger/issues/179,2,1,None,W,W,mnwright,0,1,1
https://github.com/imbs-hl/ranger/issues/18,3,34,None,W,W,rmflight,1,1,1
https://github.com/imbs-hl/ranger/issues/180,2,1,None,W,W,mnwright,0,1,1
https://github.com/imbs-hl/ranger/issues/181,3,9,None,W,W,mnwright,0,1,1
https://github.com/imbs-hl/ranger/issues/182,2,7,None,W,W,awmercer,0,1,1
https://github.com/imbs-hl/ranger/issues/183,2,43,None,W,W,efh0888,0,1,1
https://github.com/imbs-hl/ranger/issues/184,2,1,None,W,W,mnwright,0,1,1
https://github.com/imbs-hl/ranger/issues/185,3,8,None,W,W,mnwright,0,1,1
https://github.com/imbs-hl/ranger/issues/186,2,1,None,W,W,mnwright,0,1,1
https://github.com/imbs-hl/ranger/issues/187,2,25,None,W,W,mayer79,1,1,1
https://github.com/imbs-hl/ranger/issues/188,2,22,None,W,W,mnwright,0,1,1
https://github.com/imbs-hl/ranger/issues/189,2,21,None,W,W,cbenedum,0,1,0
https://github.com/imbs-hl/ranger/issues/19,2,4,None,W,W,surmann,0,1,1
https://github.com/imbs-hl/ranger/issues/190,2,20,None,W,W,mz2,1,0,1
https://github.com/imbs-hl/ranger/issues/191,2,1,None,W,W,ja-thomas,1,1,1
https://github.com/imbs-hl/ranger/issues/192,2,3,None,W,W,blairzhang126,1,0,1
https://github.com/imbs-hl/ranger/issues/193,2,1,None,W,W,mnwright,0,1,1
https://github.com/imbs-hl/ranger/issues/194,3,144,None,W,W,ifenglin,1,0,1
https://github.com/imbs-hl/ranger/issues/195,2,1,https://github.com/scikit-learn/scikit-learn/issues/2937,R,O,prescient,1,1,1
https://github.com/imbs-hl/ranger/issues/196,2,4,None,W,W,selimrbd,1,1,1
https://github.com/imbs-hl/ranger/issues/197,2,2,None,W,W,extremin,1,0,0
https://github.com/imbs-hl/ranger/issues/198,1,1,None,W,W,GearFear,0,0,0
https://github.com/imbs-hl/ranger/issues/199,2,1,None,W,W,mnwright,0,1,1
https://github.com/imbs-hl/ranger/issues/2,2,32,https://github.com/scikit-learn/scikit-learn/issues/5041,O,O,mbq,0,1,1
https://github.com/imbs-hl/ranger/issues/20,1,1,https://github.com/scikit-learn/scikit-learn/issues/1942,O,O,mnwright,0,1,1
https://github.com/imbs-hl/ranger/issues/200,1,1,None,W,W,mbonakda,1,1,1
https://github.com/imbs-hl/ranger/issues/201,7,655,None,W,W,JohnMount,0,1,1
https://github.com/imbs-hl/ranger/issues/202,3,33,None,W,W,thomasmooon,1,1,1
https://github.com/imbs-hl/ranger/issues/203,2,1,None,W,W,mnwright,0,1,1
https://github.com/imbs-hl/ranger/issues/204,2,1,None,W,W,mbq,0,1,1
https://github.com/imbs-hl/ranger/issues/205,2,1,None,W,W,mnwright,0,1,1
https://github.com/imbs-hl/ranger/issues/206,2,1,None,W,W,mnwright,0,1,1
https://github.com/imbs-hl/ranger/issues/207,5,218,None,W,W,cargomoose,0,1,0
https://github.com/imbs-hl/ranger/issues/208,1,1,None,W,W,jakob-r,0,1,1
https://github.com/imbs-hl/ranger/issues/209,4,211,None,W,W,ncdingari,1,1,1
https://github.com/imbs-hl/ranger/issues/21,1,1,None,W,W,mnwright,0,1,1
https://github.com/imbs-hl/ranger/issues/210,2,7,None,W,W,bballew,1,0,1
https://github.com/imbs-hl/ranger/issues/211,2,1,None,W,W,mnwright,0,1,1
https://github.com/imbs-hl/ranger/issues/212,2,159,None,W,W,GegznaV,0,1,1
https://github.com/imbs-hl/ranger/issues/213,2,1,None,W,W,joelive,0,0,0
https://github.com/imbs-hl/ranger/issues/214,2,4,None,W,W,cjvanlissa,0,1,1
https://github.com/imbs-hl/ranger/issues/215,2,1,None,W,W,eudoraleer,0,0,0
https://github.com/imbs-hl/ranger/issues/216,2,3,None,W,W,mayer79,1,1,1
https://github.com/imbs-hl/ranger/issues/217,2,1,None,W,W,mnwright,0,1,1
https://github.com/imbs-hl/ranger/issues/218,2,13,None,W,W,michaelcalve,0,0,0
https://github.com/imbs-hl/ranger/issues/219,2,34,None,W,W,mnwright,0,1,1
https://github.com/imbs-hl/ranger/issues/22,1,1,None,W,W,mnwright,0,1,1
https://github.com/imbs-hl/ranger/issues/220,2,2,None,W,W,chrisraab,0,0,0
https://github.com/imbs-hl/ranger/issues/221,3,1,None,W,W,mnwright,0,1,1
https://github.com/imbs-hl/ranger/issues/222,2,1,None,W,W,mnwright,0,1,1
https://github.com/imbs-hl/ranger/issues/223,2,2,None,W,W,hsinmin,1,0,0
https://github.com/imbs-hl/ranger/issues/224,2,1,None,W,W,mnwright,0,1,1
https://github.com/imbs-hl/ranger/issues/225,2,1,None,W,W,mnwright,0,1,1
https://github.com/imbs-hl/ranger/issues/226,2,5,None,W,W,hsinmin,1,0,0
https://github.com/imbs-hl/ranger/issues/227,2,12,None,W,W,kimiylilammi,0,0,0
https://github.com/imbs-hl/ranger/issues/228,2,1,None,W,W,mnwright,0,1,1
https://github.com/imbs-hl/ranger/issues/229,2,1,None,W,W,mnwright,0,1,1
https://github.com/imbs-hl/ranger/issues/23,5,383,None,W,W,mllg,1,1,1
https://github.com/imbs-hl/ranger/issues/230,2,1,None,W,W,mnwright,0,1,1
https://github.com/imbs-hl/ranger/issues/231,2,1,None,W,W,mnwright,0,1,1
https://github.com/imbs-hl/ranger/issues/232,2,2,None,W,W,angelaparodymerino,0,0,0
https://github.com/imbs-hl/ranger/issues/233,2,1,None,W,W,mnwright,0,1,1
https://github.com/imbs-hl/ranger/issues/234,3,109,None,W,W,andland,1,1,1
https://github.com/imbs-hl/ranger/issues/235,3,5,None,W,W,angelaparodymerino,0,0,0
https://github.com/imbs-hl/ranger/issues/236,2,6,None,W,W,angelaparodymerino,0,0,0
https://github.com/imbs-hl/ranger/issues/237,3,463,None,W,W,angelaparodymerino,0,0,0
https://github.com/imbs-hl/ranger/issues/238,2,48,https://github.com/scikit-learn/scikit-learn/issues/1435,O,O,Tigroux,0,0,0
https://github.com/imbs-hl/ranger/issues/239,3,15,None,W,W,Tigroux,0,0,0
https://github.com/imbs-hl/ranger/issues/24,1,1,None,W,W,mnwright,0,1,1
https://github.com/imbs-hl/ranger/issues/240,2,1,None,W,W,mnwright,0,1,1
https://github.com/imbs-hl/ranger/issues/241,2,1,None,W,W,mnwright,0,1,1
https://github.com/imbs-hl/ranger/issues/242,2,1,None,W,W,mnwright,0,1,1
https://github.com/imbs-hl/ranger/issues/243,2,10,https://github.com/scikit-learn/scikit-learn/issues/3113,Y,B,nielsenmarkus11,1,1,1
https://github.com/imbs-hl/ranger/issues/244,2,3,None,W,W,andirey,1,1,1
https://github.com/imbs-hl/ranger/issues/245,1,21,None,W,W,mnwright,0,1,1
https://github.com/imbs-hl/ranger/issues/246,2,1,None,W,W,mnwright,0,1,1
https://github.com/imbs-hl/ranger/issues/247,3,1,None,W,W,mnwright,0,1,1
https://github.com/imbs-hl/ranger/issues/248,3,95,None,W,W,andirey,1,1,1
https://github.com/imbs-hl/ranger/issues/249,2,1,None,W,W,mnwright,0,1,1
https://github.com/imbs-hl/ranger/issues/25,1,1,None,W,W,mnwright,0,1,1
https://github.com/imbs-hl/ranger/issues/250,2,1,None,W,W,mnwright,0,1,1
https://github.com/imbs-hl/ranger/issues/251,2,1,None,W,W,mnwright,0,1,1
https://github.com/imbs-hl/ranger/issues/252,2,1,None,W,W,mnwright,0,1,1
https://github.com/imbs-hl/ranger/issues/253,2,1,None,W,W,mnwright,0,1,1
https://github.com/imbs-hl/ranger/issues/254,2,1,None,W,W,PhilippPro,0,1,1
https://github.com/imbs-hl/ranger/issues/255,2,1,None,W,W,mnwright,0,1,1
https://github.com/imbs-hl/ranger/issues/256,2,1,None,W,W,mnwright,0,1,1
https://github.com/imbs-hl/ranger/issues/257,2,3,None,W,W,Tigroux,0,0,0
https://github.com/imbs-hl/ranger/issues/258,2,2,None,W,W,Mamba413,1,1,1
https://github.com/imbs-hl/ranger/issues/259,2,1,None,W,W,mnwright,0,1,1
https://github.com/imbs-hl/ranger/issues/26,1,1,None,W,W,mnwright,0,1,1
https://github.com/imbs-hl/ranger/issues/260,2,1,None,W,W,mnwright,0,1,1
https://github.com/imbs-hl/ranger/issues/261,2,2,None,W,W,PhilippPro,0,1,1
https://github.com/imbs-hl/ranger/issues/262,3,2,None,W,W,mnwright,0,1,1
https://github.com/imbs-hl/ranger/issues/263,2,1,None,W,W,mnwright,0,1,1
https://github.com/imbs-hl/ranger/issues/264,2,2,None,W,W,LinusHi,0,0,0
https://github.com/imbs-hl/ranger/issues/265,2,1,None,W,W,mnwright,0,1,1
https://github.com/imbs-hl/ranger/issues/266,1,2,None,W,W,ghost,0,0,1
https://github.com/imbs-hl/ranger/issues/267,2,2,None,W,W,kasuteru,1,0,1
https://github.com/imbs-hl/ranger/issues/268,2,1,None,W,W,mnwright,0,1,1
https://github.com/imbs-hl/ranger/issues/269,2,1,None,W,W,mnwright,0,1,1
https://github.com/imbs-hl/ranger/issues/27,2,30,None,W,W,PhilippPro,0,1,1
https://github.com/imbs-hl/ranger/issues/270,1,1,https://github.com/scikit-learn/scikit-learn/issues/1454,O,O,RohitThakur01,1,0,0
https://github.com/imbs-hl/ranger/issues/271,2,12,None,W,W,JonoDW,0,0,1
https://github.com/imbs-hl/ranger/issues/272,2,22,None,W,W,jrhaberstroh,1,1,1
https://github.com/imbs-hl/ranger/issues/273,4,14,None,W,W,dswatson,0,1,0
https://github.com/imbs-hl/ranger/issues/274,1,1,None,W,W,PhilippPro,0,1,1
https://github.com/imbs-hl/ranger/issues/275,2,49,None,W,W,dancooke,1,0,1
https://github.com/imbs-hl/ranger/issues/276,2,11,None,W,W,miller-moore,1,0,1
https://github.com/imbs-hl/ranger/issues/277,2,5,https://github.com/scikit-learn/scikit-learn/issues/5115,Y,G,nilescbn,0,1,0
https://github.com/imbs-hl/ranger/issues/278,2,3,None,W,W,senthilki,0,0,0
https://github.com/imbs-hl/ranger/issues/279,2,2,None,W,W,RohitThakur01,1,0,0
https://github.com/imbs-hl/ranger/issues/28,1,21,None,W,W,mnwright,0,1,1
https://github.com/imbs-hl/ranger/issues/280,2,1,None,W,W,mnwright,0,1,1
https://github.com/imbs-hl/ranger/issues/281,2,1,None,W,W,mnwright,0,1,1
https://github.com/imbs-hl/ranger/issues/282,2,5,None,W,W,thengl,0,1,1
https://github.com/imbs-hl/ranger/issues/283,3,18,None,W,W,thengl,0,1,1
https://github.com/imbs-hl/ranger/issues/284,1,1,None,W,W,mnwright,0,1,1
https://github.com/imbs-hl/ranger/issues/285,2,1,None,W,W,mnwright,0,1,1
https://github.com/imbs-hl/ranger/issues/286,2,1,None,W,W,mnwright,0,1,1
https://github.com/imbs-hl/ranger/issues/287,2,1,None,W,W,mnwright,0,1,1
https://github.com/imbs-hl/ranger/issues/288,3,3,None,W,W,cargomoose,0,1,0
https://github.com/imbs-hl/ranger/issues/289,1,1,None,W,W,cargomoose,0,1,0
https://github.com/imbs-hl/ranger/issues/29,2,2,None,W,W,root2891,0,1,0
https://github.com/imbs-hl/ranger/issues/290,2,1,None,W,W,mnwright,0,1,1
https://github.com/imbs-hl/ranger/issues/291,3,97,None,W,W,fab4ap,0,0,0
https://github.com/imbs-hl/ranger/issues/292,2,1,None,W,W,mnwright,0,1,1
https://github.com/imbs-hl/ranger/issues/293,3,2,None,W,W,mnwright,0,1,1
https://github.com/imbs-hl/ranger/issues/294,3,1,None,W,W,mnwright,0,1,1
https://github.com/imbs-hl/ranger/issues/295,3,1,None,W,W,mnwright,0,1,1
https://github.com/imbs-hl/ranger/issues/296,3,2,None,W,W,dancooke,1,0,1
https://github.com/imbs-hl/ranger/issues/297,2,1,None,W,W,mnwright,0,1,1
https://github.com/imbs-hl/ranger/issues/298,2,1,None,W,W,mnwright,0,1,1
https://github.com/imbs-hl/ranger/issues/299,3,1,None,W,W,mnwright,0,1,1
https://github.com/imbs-hl/ranger/issues/3,1,1,None,W,W,mnwright,0,1,1
https://github.com/imbs-hl/ranger/issues/30,1,1,None,W,W,mnwright,0,1,1
https://github.com/imbs-hl/ranger/issues/300,2,1,None,W,W,mnwright,0,1,1
https://github.com/imbs-hl/ranger/issues/301,3,1,None,W,W,mnwright,0,1,1
https://github.com/imbs-hl/ranger/issues/302,3,37,None,W,W,mnwright,0,1,1
https://github.com/imbs-hl/ranger/issues/303,4,48,None,W,W,dancooke,1,0,1
https://github.com/imbs-hl/ranger/issues/304,2,4,None,W,W,dancooke,1,0,1
https://github.com/imbs-hl/ranger/issues/305,3,210,None,W,W,yazi1297,0,0,0
https://github.com/imbs-hl/ranger/issues/306,2,6,None,W,W,golivax,0,1,1
https://github.com/imbs-hl/ranger/issues/307,1,1,None,W,W,yazi1297,0,0,0
https://github.com/imbs-hl/ranger/issues/308,2,2,None,W,W,skgrange,1,1,1
https://github.com/imbs-hl/ranger/issues/309,2,1,None,W,W,mnwright,0,1,1
https://github.com/imbs-hl/ranger/issues/31,1,1,None,W,W,mnwright,0,1,1
https://github.com/imbs-hl/ranger/issues/310,2,36,None,W,W,golivax,0,1,1
https://github.com/imbs-hl/ranger/issues/311,2,1,None,W,W,mnwright,0,1,1
https://github.com/imbs-hl/ranger/issues/312,2,3,None,W,W,illusive-git,0,0,0
https://github.com/imbs-hl/ranger/issues/313,2,2,None,W,W,michaellevy,1,1,1
https://github.com/imbs-hl/ranger/issues/314,2,1,None,W,W,mnwright,0,1,1
https://github.com/imbs-hl/ranger/issues/315,2,1,None,W,W,mnwright,0,1,1
https://github.com/imbs-hl/ranger/issues/316,2,4,None,W,W,thomaskisler,1,1,1
https://github.com/imbs-hl/ranger/issues/317,2,1,None,W,W,mnwright,0,1,1
https://github.com/imbs-hl/ranger/issues/318,1,1,None,W,W,buttrey,0,0,0
https://github.com/imbs-hl/ranger/issues/319,3,284,None,W,W,sarash85,0,0,0
https://github.com/imbs-hl/ranger/issues/32,1,1,None,W,W,uptownfunk,1,0,1
https://github.com/imbs-hl/ranger/issues/320,2,1,None,W,W,mnwright,0,1,1
https://github.com/imbs-hl/ranger/issues/321,2,1,None,W,W,mnwright,0,1,1
https://github.com/imbs-hl/ranger/issues/322,2,1,None,W,W,mnwright,0,1,1
https://github.com/imbs-hl/ranger/issues/323,2,1,None,W,W,mnwright,0,1,1
https://github.com/imbs-hl/ranger/issues/324,2,1,None,W,W,mnwright,0,1,1
https://github.com/imbs-hl/ranger/issues/325,2,1,None,W,W,mnwright,0,1,1
https://github.com/imbs-hl/ranger/issues/326,2,1,None,W,W,mnwright,0,1,1
https://github.com/imbs-hl/ranger/issues/327,2,23,None,W,W,cargomoose,0,1,0
https://github.com/imbs-hl/ranger/issues/328,2,22,None,W,W,buttrey,0,0,0
https://github.com/imbs-hl/ranger/issues/329,2,15,None,W,W,talegari,0,1,1
https://github.com/imbs-hl/ranger/issues/33,2,2,None,W,W,mllg,1,1,1
https://github.com/imbs-hl/ranger/issues/330,3,16,None,W,W,mnwright,0,1,1
https://github.com/imbs-hl/ranger/issues/331,3,178,None,W,W,slavarazbash,0,1,1
https://github.com/imbs-hl/ranger/issues/332,2,1,None,W,W,mnwright,0,1,1
https://github.com/imbs-hl/ranger/issues/333,2,1,None,W,W,mnwright,0,1,1
https://github.com/imbs-hl/ranger/issues/334,2,1,None,W,W,mnwright,0,1,1
https://github.com/imbs-hl/ranger/issues/335,2,10,None,W,W,Zelazny7,1,1,1
https://github.com/imbs-hl/ranger/issues/336,2,2,None,W,W,stephematician,0,1,1
https://github.com/imbs-hl/ranger/issues/337,2,1,None,W,W,mnwright,0,1,1
https://github.com/imbs-hl/ranger/issues/338,2,1,None,W,W,mnwright,0,1,1
https://github.com/imbs-hl/ranger/issues/339,2,13,None,W,W,alexzwanenburg,1,0,1
https://github.com/imbs-hl/ranger/issues/34,1,1,None,W,W,mnwright,0,1,1
https://github.com/imbs-hl/ranger/issues/340,2,3,None,W,W,wbnicholson,0,1,1
https://github.com/imbs-hl/ranger/issues/341,2,138,None,W,W,mikebenfield,1,0,1
https://github.com/imbs-hl/ranger/issues/342,2,1,None,W,W,stephematician,0,1,1
https://github.com/imbs-hl/ranger/issues/343,2,1,None,W,W,mnwright,0,1,1
https://github.com/imbs-hl/ranger/issues/344,2,1,None,W,W,mnwright,0,1,1
https://github.com/imbs-hl/ranger/issues/345,2,1,None,W,W,mnwright,0,1,1
https://github.com/imbs-hl/ranger/issues/346,2,1,None,W,W,mnwright,0,1,1
https://github.com/imbs-hl/ranger/issues/347,2,2,None,W,W,wbnicholson,0,1,1
https://github.com/imbs-hl/ranger/issues/348,2,4,None,W,W,allengoebl,0,1,0
https://github.com/imbs-hl/ranger/issues/349,2,5,None,W,W,rajat2107,0,0,0
https://github.com/imbs-hl/ranger/issues/35,1,1,None,W,W,mnwright,0,1,1
https://github.com/imbs-hl/ranger/issues/350,2,1,None,W,W,mnwright,0,1,1
https://github.com/imbs-hl/ranger/issues/351,2,5,None,W,W,PhilippPro,0,1,1
https://github.com/imbs-hl/ranger/issues/352,2,3,None,W,W,UnixJunkie,1,0,1
https://github.com/imbs-hl/ranger/issues/353,2,8,None,W,W,dancooke,1,0,1
https://github.com/imbs-hl/ranger/issues/354,2,7,None,W,W,ja-thomas,1,1,1
https://github.com/imbs-hl/ranger/issues/355,2,1,None,W,W,mnwright,0,1,1
https://github.com/imbs-hl/ranger/issues/356,2,2,None,W,W,PhilippPro,0,1,1
https://github.com/imbs-hl/ranger/issues/357,2,1,None,W,W,mnwright,0,1,1
https://github.com/imbs-hl/ranger/issues/358,2,8,None,W,W,ProfBiscuit,0,1,1
https://github.com/imbs-hl/ranger/issues/359,2,3,None,W,W,jakob-r,0,1,1
https://github.com/imbs-hl/ranger/issues/36,4,125,None,W,W,tchakravarty,1,1,1
https://github.com/imbs-hl/ranger/issues/360,2,1,None,W,W,mnwright,0,1,1
https://github.com/imbs-hl/ranger/issues/361,2,1,None,W,W,stephematician,0,1,1
https://github.com/imbs-hl/ranger/issues/362,2,1,None,W,W,mnwright,0,1,1
https://github.com/imbs-hl/ranger/issues/363,2,5,None,W,W,Mazata,0,0,0
https://github.com/imbs-hl/ranger/issues/364,1,1,None,W,W,ben519,1,1,1
https://github.com/imbs-hl/ranger/issues/365,3,11,None,W,W,mnwright,0,1,1
https://github.com/imbs-hl/ranger/issues/366,2,6,None,W,W,randomgambit,1,1,1
https://github.com/imbs-hl/ranger/issues/37,1,1,None,W,W,mnwright,0,1,1
https://github.com/imbs-hl/ranger/issues/38,2,759,None,W,W,mnwright,0,1,1
https://github.com/imbs-hl/ranger/issues/39,1,12,None,W,W,0x7f,0,0,1
https://github.com/imbs-hl/ranger/issues/4,2,56,None,W,W,mnwright,0,1,1
https://github.com/imbs-hl/ranger/issues/40,1,1,None,W,W,0x7f,0,0,1
https://github.com/imbs-hl/ranger/issues/41,3,18,None,W,W,0x7f,0,0,1
https://github.com/imbs-hl/ranger/issues/42,1,1,None,W,W,mnwright,0,1,1
https://github.com/imbs-hl/ranger/issues/43,1,1,None,W,W,mnwright,0,1,1
https://github.com/imbs-hl/ranger/issues/44,1,1,None,W,W,mnwright,0,1,1
https://github.com/imbs-hl/ranger/issues/45,1,1,None,W,W,mnwright,0,1,1
https://github.com/imbs-hl/ranger/issues/46,1,1,None,W,W,mnwright,0,1,1
https://github.com/imbs-hl/ranger/issues/47,2,1,None,W,W,myloginid,1,1,1
https://github.com/imbs-hl/ranger/issues/48,1,1,None,W,W,myloginid,1,1,1
https://github.com/imbs-hl/ranger/issues/49,1,1,None,W,W,mnwright,0,1,1
https://github.com/imbs-hl/ranger/issues/5,3,25,None,W,W,mllg,1,1,1
https://github.com/imbs-hl/ranger/issues/50,1,1,None,W,W,mnwright,0,1,1
https://github.com/imbs-hl/ranger/issues/51,2,1,None,W,W,animusnaturae,0,1,0
https://github.com/imbs-hl/ranger/issues/52,2,643,None,W,W,CameronBieganek,0,1,0
https://github.com/imbs-hl/ranger/issues/53,2,1,None,W,W,jakob-r,0,1,1
https://github.com/imbs-hl/ranger/issues/54,3,8,None,W,W,mayer79,1,1,1
https://github.com/imbs-hl/ranger/issues/55,2,1,None,W,W,khotilov,0,1,1
https://github.com/imbs-hl/ranger/issues/56,2,1,None,W,W,mnwright,0,1,1
https://github.com/imbs-hl/ranger/issues/57,2,1,None,W,W,mnwright,0,1,1
https://github.com/imbs-hl/ranger/issues/58,3,2,None,W,W,mnwright,0,1,1
https://github.com/imbs-hl/ranger/issues/59,2,1,None,W,W,mnwright,0,1,1
https://github.com/imbs-hl/ranger/issues/6,3,371,None,W,W,mllg,1,1,1
https://github.com/imbs-hl/ranger/issues/60,2,1,None,W,W,mnwright,0,1,1
https://github.com/imbs-hl/ranger/issues/61,4,112,None,W,W,svenpeter42,1,0,1
https://github.com/imbs-hl/ranger/issues/62,1,1,None,W,W,PhilippPro,0,1,1
https://github.com/imbs-hl/ranger/issues/63,3,9,None,W,W,PhilippPro,0,1,1
https://github.com/imbs-hl/ranger/issues/64,1,2,None,W,W,schiffner,0,1,0
https://github.com/imbs-hl/ranger/issues/65,1,1,None,W,W,mnwright,0,1,1
https://github.com/imbs-hl/ranger/issues/66,2,1,None,W,W,mnwright,0,1,1
https://github.com/imbs-hl/ranger/issues/67,2,1,None,W,W,animusnaturae,0,1,0
https://github.com/imbs-hl/ranger/issues/68,3,1,None,W,W,mnwright,0,1,1
https://github.com/imbs-hl/ranger/issues/69,3,1,None,W,W,mnwright,0,1,1
https://github.com/imbs-hl/ranger/issues/7,2,55,None,W,W,andrewjohnlowe,1,1,1
https://github.com/imbs-hl/ranger/issues/70,2,1,None,W,W,mnwright,0,1,1
https://github.com/imbs-hl/ranger/issues/71,2,1,None,W,W,mnwright,0,1,1
https://github.com/imbs-hl/ranger/issues/72,2,1,None,W,W,mnwright,0,1,1
https://github.com/imbs-hl/ranger/issues/73,3,693,None,W,W,simon-tietze,0,1,1
https://github.com/imbs-hl/ranger/issues/74,2,2,None,W,W,mnwright,0,1,1
https://github.com/imbs-hl/ranger/issues/75,2,1,None,W,W,mnwright,0,1,1
https://github.com/imbs-hl/ranger/issues/76,2,1,None,W,W,mnwright,0,1,1
https://github.com/imbs-hl/ranger/issues/77,2,1,None,W,W,mnwright,0,1,1
https://github.com/imbs-hl/ranger/issues/78,2,71,None,W,W,mayer79,1,1,1
https://github.com/imbs-hl/ranger/issues/79,2,2,None,W,W,rec3141,1,1,1
https://github.com/imbs-hl/ranger/issues/8,3,367,None,W,W,mbq,0,1,1
https://github.com/imbs-hl/ranger/issues/80,2,18,None,W,W,rfcv,0,0,0
https://github.com/imbs-hl/ranger/issues/81,3,64,None,W,W,mnwright,0,1,1
https://github.com/imbs-hl/ranger/issues/82,2,1,None,W,W,mnwright,0,1,1
https://github.com/imbs-hl/ranger/issues/83,2,1,None,W,W,mnwright,0,1,1
https://github.com/imbs-hl/ranger/issues/84,1,1,None,W,W,aaronpolhamus,1,1,1
https://github.com/imbs-hl/ranger/issues/85,2,2,None,W,W,jakob-r,0,1,1
https://github.com/imbs-hl/ranger/issues/86,2,1,None,W,W,mnwright,0,1,1
https://github.com/imbs-hl/ranger/issues/87,4,198,None,W,W,jakob-r,0,1,1
https://github.com/imbs-hl/ranger/issues/88,1,1,None,W,W,kirillseva,1,1,1
https://github.com/imbs-hl/ranger/issues/89,3,48,None,W,W,mnwright,0,1,1
https://github.com/imbs-hl/ranger/issues/9,1,1,None,W,W,mnwright,0,1,1
https://github.com/imbs-hl/ranger/issues/90,2,76,None,W,W,pej,0,0,0
https://github.com/imbs-hl/ranger/issues/91,2,38,None,W,W,rfcv,0,0,0
https://github.com/imbs-hl/ranger/issues/92,5,541,None,W,W,gshamov,1,0,1
https://github.com/imbs-hl/ranger/issues/93,3,6,None,W,W,dashaub,1,1,1
https://github.com/imbs-hl/ranger/issues/94,5,351,None,W,W,jlevatic,0,0,0
https://github.com/imbs-hl/ranger/issues/95,3,65,None,W,W,crarlus,1,1,1
https://github.com/imbs-hl/ranger/issues/96,2,2,None,W,W,PhilippPro,0,1,1
https://github.com/imbs-hl/ranger/issues/97,2,2,None,W,W,cwlanyon,0,0,0
https://github.com/imbs-hl/ranger/issues/98,2,523,None,W,W,mnwright,0,1,1
https://github.com/imbs-hl/ranger/issues/99,2,9,None,W,W,Haetsal-Lee,1,0,0
https://github.com/KlausVigo/kknn/issues/1,2,8,https://github.com/scikit-learn/scikit-learn/issues/970,R,O,KlausVigo,1,1,1
https://github.com/KlausVigo/kknn/issues/10,2,46,None,W,W,KlausVigo,1,1,1
https://github.com/KlausVigo/kknn/issues/11,1,1,None,W,W,KlausVigo,1,1,1
https://github.com/KlausVigo/kknn/issues/12,1,1,None,W,W,KlausVigo,1,1,1
https://github.com/KlausVigo/kknn/issues/13,3,1,None,W,W,KlausVigo,1,1,1
https://github.com/KlausVigo/kknn/issues/14,2,134,https://github.com/scikit-learn/scikit-learn/issues/3252,R,R,KlausVigo,1,1,1
https://github.com/KlausVigo/kknn/issues/15,3,1,None,W,W,KlausVigo,1,1,1
https://github.com/KlausVigo/kknn/issues/16,1,1,None,W,W,KlausVigo,1,1,1
https://github.com/KlausVigo/kknn/issues/17,1,1,https://github.com/scikit-learn/scikit-learn/issues/2356,O,R,KlausVigo,1,1,1
https://github.com/KlausVigo/kknn/issues/2,2,65,None,W,W,KlausVigo,1,1,1
https://github.com/KlausVigo/kknn/issues/3,2,1,None,W,W,KlausVigo,1,1,1
https://github.com/KlausVigo/kknn/issues/4,2,1,https://github.com/scikit-learn/scikit-learn/issues/3313,Y,R,KlausVigo,1,1,1
https://github.com/KlausVigo/kknn/issues/5,1,1,None,W,W,KlausVigo,1,1,1
https://github.com/KlausVigo/kknn/issues/6,2,1,None,W,W,KlausVigo,1,1,1
https://github.com/KlausVigo/kknn/issues/7,1,1,None,W,W,KlausVigo,1,1,1
https://github.com/KlausVigo/kknn/issues/8,2,285,https://github.com/scikit-learn/scikit-learn/issues/1732,Y,O,KlausVigo,1,1,1
https://github.com/KlausVigo/kknn/issues/9,2,46,None,W,W,KlausVigo,1,1,1
https://github.com/kogalur/randomForestSRC/issues/1,2,4,None,W,W,kogalur,0,0,0
https://github.com/kogalur/randomForestSRC/issues/10,3,8,None,W,W,kogalur,0,0,0
https://github.com/kogalur/randomForestSRC/issues/11,2,1,None,W,W,kogalur,0,0,0
https://github.com/kogalur/randomForestSRC/issues/12,3,297,None,W,W,kogalur,0,0,0
https://github.com/kogalur/randomForestSRC/issues/13,2,1,None,W,W,kogalur,0,0,0
https://github.com/kogalur/randomForestSRC/issues/14,2,141,None,W,W,kogalur,0,0,0
https://github.com/kogalur/randomForestSRC/issues/15,2,2,None,W,W,kogalur,0,0,0
https://github.com/kogalur/randomForestSRC/issues/16,2,199,https://github.com/scikit-learn/scikit-learn/issues/6747,O,O,kogalur,0,0,0
https://github.com/kogalur/randomForestSRC/issues/17,2,4,None,W,W,kogalur,0,0,0
https://github.com/kogalur/randomForestSRC/issues/18,2,114,None,W,W,kogalur,0,0,0
https://github.com/kogalur/randomForestSRC/issues/19,1,1,None,W,W,kogalur,0,0,0
https://github.com/kogalur/randomForestSRC/issues/2,2,19,None,W,W,kogalur,0,0,0
https://github.com/kogalur/randomForestSRC/issues/20,2,53,None,W,W,kogalur,0,0,0
https://github.com/kogalur/randomForestSRC/issues/21,3,65,None,W,W,kogalur,0,0,0
https://github.com/kogalur/randomForestSRC/issues/22,2,27,None,W,W,kogalur,0,0,0
https://github.com/kogalur/randomForestSRC/issues/3,2,73,https://github.com/scikit-learn/scikit-learn/issues/3774,R,R,kogalur,0,0,0
https://github.com/kogalur/randomForestSRC/issues/4,2,29,None,W,W,kogalur,0,0,0
https://github.com/kogalur/randomForestSRC/issues/5,2,15,https://github.com/scikit-learn/scikit-learn/issues/4766,Y,G,kogalur,0,0,0
https://github.com/kogalur/randomForestSRC/issues/6,2,1,https://github.com/scikit-learn/scikit-learn/issues/6161,Y,G,kogalur,0,0,0
https://github.com/kogalur/randomForestSRC/issues/7,2,1,None,W,W,kogalur,0,0,0
https://github.com/kogalur/randomForestSRC/issues/8,2,10,https://github.com/scikit-learn/scikit-learn/issues/3313,Y,R,kogalur,0,0,0
https://github.com/kogalur/randomForestSRC/issues/9,2,2,None,W,W,kogalur,0,0,0
https://github.com/majkamichal/naivebayes/issues/1,2,30,None,W,W,majkamichal,0,1,0
https://github.com/majkamichal/naivebayes/issues/2,2,2,None,W,W,majkamichal,0,1,0
https://github.com/majkamichal/naivebayes/issues/3,3,42,None,W,W,majkamichal,0,1,0
https://github.com/majkamichal/naivebayes/issues/4,2,1,None,W,W,majkamichal,0,1,0
https://github.com/majkamichal/naivebayes/issues/5,2,1,None,W,W,majkamichal,0,1,0
https://github.com/neurodata/lumberjack/issues/1,2,2,None,W,W,jovo,1,1,1
https://github.com/neurodata/lumberjack/issues/10,1,1,None,W,W,jbrowne6,0,1,1
https://github.com/neurodata/lumberjack/issues/11,2,4,https://github.com/scikit-learn/scikit-learn/issues/1162,Y,P,disa-mhembere,1,1,1
https://github.com/neurodata/lumberjack/issues/12,3,316,None,W,W,ttomita,1,1,1
https://github.com/neurodata/lumberjack/issues/13,1,1,https://github.com/scikit-learn/scikit-learn/issues/7406,R,O,ttomita,1,1,1
https://github.com/neurodata/lumberjack/issues/14,4,194,None,W,W,ttomita,1,1,1
https://github.com/neurodata/lumberjack/issues/15,1,60,None,W,W,jbrowne6,0,1,1
https://github.com/neurodata/lumberjack/issues/16,4,45,None,W,W,ebridge2,1,1,1
https://github.com/neurodata/lumberjack/issues/17,3,51,None,W,W,ttomita,1,1,1
https://github.com/neurodata/lumberjack/issues/18,1,1,None,W,W,MrAE,1,1,1
https://github.com/neurodata/lumberjack/issues/19,4,50,None,W,W,MrAE,1,1,1
https://github.com/neurodata/lumberjack/issues/2,2,160,None,W,W,jovo,1,1,1
https://github.com/neurodata/lumberjack/issues/20,2,1,None,W,W,jbrowne6,0,1,1
https://github.com/neurodata/lumberjack/issues/21,2,1,None,W,W,jbrowne6,0,1,1
https://github.com/neurodata/lumberjack/issues/22,2,144,https://github.com/scikit-learn/scikit-learn/issues/6602,Y,O,ebridge2,1,1,1
https://github.com/neurodata/lumberjack/issues/23,1,1,None,W,W,jasonkyuyim,1,1,1
https://github.com/neurodata/lumberjack/issues/24,2,1,https://github.com/scikit-learn/scikit-learn/issues/5870,R,R,jbrowne6,0,1,1
https://github.com/neurodata/lumberjack/issues/25,1,1,https://github.com/scikit-learn/scikit-learn/issues/5041,O,O,jbrowne6,0,1,1
https://github.com/neurodata/lumberjack/issues/26,1,1,None,W,W,jbrowne6,0,1,1
https://github.com/neurodata/lumberjack/issues/27,1,1,None,W,W,jbrowne6,0,1,1
https://github.com/neurodata/lumberjack/issues/28,4,206,None,W,W,ttomita,1,1,1
https://github.com/neurodata/lumberjack/issues/29,3,240,None,W,W,ttomita,1,1,1
https://github.com/neurodata/lumberjack/issues/3,1,2,None,W,W,jbrowne6,0,1,1
https://github.com/neurodata/lumberjack/issues/30,3,37,https://github.com/scikit-learn/scikit-learn/issues/3410,Y,R,jasonkyuyim,1,1,1
https://github.com/neurodata/lumberjack/issues/31,1,1,https://github.com/scikit-learn/scikit-learn/issues/2488,R,O,jbrowne6,0,1,1
https://github.com/neurodata/lumberjack/issues/32,2,1,None,W,W,jovo,1,1,1
https://github.com/neurodata/lumberjack/issues/33,3,73,None,W,W,jovo,1,1,1
https://github.com/neurodata/lumberjack/issues/34,2,72,None,W,W,jovo,1,1,1
https://github.com/neurodata/lumberjack/issues/35,2,3,None,W,W,jovo,1,1,1
https://github.com/neurodata/lumberjack/issues/36,3,83,None,W,W,jovo,1,1,1
https://github.com/neurodata/lumberjack/issues/37,2,190,https://github.com/scikit-learn/scikit-learn/issues/2530,Y,O,jasonkyuyim,1,1,1
https://github.com/neurodata/lumberjack/issues/38,1,1,https://github.com/scikit-learn/scikit-learn/issues/2530,Y,O,jasonkyuyim,1,1,1
https://github.com/neurodata/lumberjack/issues/39,1,1,https://github.com/scikit-learn/scikit-learn/issues/1732,O,O,jbrowne6,0,1,1
https://github.com/neurodata/lumberjack/issues/4,1,2,None,W,W,jbrowne6,0,1,1
https://github.com/neurodata/lumberjack/issues/40,3,70,https://github.com/scikit-learn/scikit-learn/issues/474,Y,O,jovo,1,1,1
https://github.com/neurodata/lumberjack/issues/41,2,1,https://github.com/scikit-learn/scikit-learn/issues/448,Y,O,jovo,1,1,1
https://github.com/neurodata/lumberjack/issues/42,2,1,None,W,W,jovo,1,1,1
https://github.com/neurodata/lumberjack/issues/43,4,84,None,W,W,jasonkyuyim,1,1,1
https://github.com/neurodata/lumberjack/issues/44,5,1,None,W,W,falkben,1,0,1
https://github.com/neurodata/lumberjack/issues/45,3,1,None,W,W,MrAE,1,1,1
https://github.com/neurodata/lumberjack/issues/46,1,1,None,W,W,jovo,1,1,1
https://github.com/neurodata/lumberjack/issues/47,3,1,None,W,W,jovo,1,1,1
https://github.com/neurodata/lumberjack/issues/48,2,60,None,W,W,j1c,1,1,1
https://github.com/neurodata/lumberjack/issues/49,2,3,None,W,W,MrAE,1,1,1
https://github.com/neurodata/lumberjack/issues/5,1,102,None,W,W,jbrowne6,0,1,1
https://github.com/neurodata/lumberjack/issues/50,2,2,None,W,W,falkben,1,0,1
https://github.com/neurodata/lumberjack/issues/51,3,1,None,W,W,jovo,1,1,1
https://github.com/neurodata/lumberjack/issues/52,2,1,None,W,W,MrAE,1,1,1
https://github.com/neurodata/lumberjack/issues/53,2,47,None,W,W,jovo,1,1,1
https://github.com/neurodata/lumberjack/issues/54,2,1,None,W,W,falkben,1,0,1
https://github.com/neurodata/lumberjack/issues/55,1,1,None,W,W,alemmer1,1,1,1
https://github.com/neurodata/lumberjack/issues/56,1,1,None,W,W,alemmer1,1,1,1
https://github.com/neurodata/lumberjack/issues/57,1,1,None,W,W,alemmer1,1,1,1
https://github.com/neurodata/lumberjack/issues/58,4,37,None,W,W,davclark,1,1,1
https://github.com/neurodata/lumberjack/issues/59,2,1,None,W,W,yyHCN,0,1,1
https://github.com/neurodata/lumberjack/issues/6,2,9,None,W,W,jovo,1,1,1
https://github.com/neurodata/lumberjack/issues/60,3,1,None,W,W,hkim171,0,1,1
https://github.com/neurodata/lumberjack/issues/61,2,1,https://github.com/scikit-learn/scikit-learn/issues/5212,R,O,jovo,1,1,1
https://github.com/neurodata/lumberjack/issues/62,4,2,None,W,W,MrAE,1,1,1
https://github.com/neurodata/lumberjack/issues/63,3,53,https://github.com/scikit-learn/scikit-learn/issues/2888,Y,R,ttomita,1,1,1
https://github.com/neurodata/lumberjack/issues/64,2,1,None,W,W,falkben,1,0,1
https://github.com/neurodata/lumberjack/issues/65,3,16,None,W,W,MrAE,1,1,1
https://github.com/neurodata/lumberjack/issues/66,1,2,None,W,W,jbrowne6,0,1,1
https://github.com/neurodata/lumberjack/issues/67,3,4,None,W,W,falkben,1,0,1
https://github.com/neurodata/lumberjack/issues/68,1,1,https://github.com/scikit-learn/scikit-learn/issues/1988,Y,B,MrAE,1,1,1
https://github.com/neurodata/lumberjack/issues/69,2,1,None,W,W,falkben,1,0,1
https://github.com/neurodata/lumberjack/issues/7,2,58,https://github.com/scikit-learn/scikit-learn/issues/2086,Y,O,ttomita,1,1,1
https://github.com/neurodata/lumberjack/issues/70,2,12,None,W,W,MrAE,1,1,1
https://github.com/neurodata/lumberjack/issues/71,4,46,https://github.com/scikit-learn/scikit-learn/issues/5372,Y,O,cshen6,0,1,1
https://github.com/neurodata/lumberjack/issues/72,2,1,None,W,W,falkben,1,0,1
https://github.com/neurodata/lumberjack/issues/73,1,1,https://github.com/scikit-learn/scikit-learn/issues/2493,R,O,jovo,1,1,1
https://github.com/neurodata/lumberjack/issues/74,3,59,None,W,W,jovo,1,1,1
https://github.com/neurodata/lumberjack/issues/75,2,1,None,W,W,falkben,1,0,1
https://github.com/neurodata/lumberjack/issues/76,2,1,None,W,W,falkben,1,0,1
https://github.com/neurodata/lumberjack/issues/77,1,1,https://github.com/scikit-learn/scikit-learn/issues/522,Y,O,jasonkyuyim,1,1,1
https://github.com/neurodata/lumberjack/issues/78,1,1,https://github.com/scikit-learn/scikit-learn/issues/1806,O,B,MrAE,1,1,1
https://github.com/neurodata/lumberjack/issues/79,2,1,None,W,W,MrAE,1,1,1
https://github.com/neurodata/lumberjack/issues/8,2,28,https://github.com/scikit-learn/scikit-learn/issues/4083,Y,G,ttomita,1,1,1
https://github.com/neurodata/lumberjack/issues/80,3,1,None,W,W,MrAE,1,1,1
https://github.com/neurodata/lumberjack/issues/81,2,1,None,W,W,falkben,1,0,1
https://github.com/neurodata/lumberjack/issues/82,2,1,None,W,W,MrAE,1,1,1
https://github.com/neurodata/lumberjack/issues/83,2,1,None,W,W,jbrowne6,0,1,1
https://github.com/neurodata/lumberjack/issues/84,2,1,None,W,W,MrAE,1,1,1
https://github.com/neurodata/lumberjack/issues/85,2,1,None,W,W,falkben,1,0,1
https://github.com/neurodata/lumberjack/issues/86,3,12,None,W,W,MrAE,1,1,1
https://github.com/neurodata/lumberjack/issues/87,2,79,https://github.com/scikit-learn/scikit-learn/issues/5491,Y,O,jovo,1,1,1
https://github.com/neurodata/lumberjack/issues/88,2,7,None,W,W,MrAE,1,1,1
https://github.com/neurodata/lumberjack/issues/9,1,1,None,W,W,ttomita,1,1,1
https://github.com/rsquaredacademy/blorr/issues/1,1,1,None,W,W,aravindhebbali,1,1,1
https://github.com/rsquaredacademy/blorr/issues/10,1,1,None,W,W,aravindhebbali,1,1,1
https://github.com/rsquaredacademy/blorr/issues/11,1,1,https://github.com/scikit-learn/scikit-learn/issues/6545,R,O,aravindhebbali,1,1,1
https://github.com/rsquaredacademy/blorr/issues/12,1,1,https://github.com/scikit-learn/scikit-learn/issues/6545,R,O,aravindhebbali,1,1,1
https://github.com/rsquaredacademy/blorr/issues/13,1,1,None,W,W,aravindhebbali,1,1,1
https://github.com/rsquaredacademy/blorr/issues/14,1,1,None,W,W,aravindhebbali,1,1,1
https://github.com/rsquaredacademy/blorr/issues/15,1,1,None,W,W,aravindhebbali,1,1,1
https://github.com/rsquaredacademy/blorr/issues/16,1,1,None,W,W,aravindhebbali,1,1,1
https://github.com/rsquaredacademy/blorr/issues/17,1,1,None,W,W,aravindhebbali,1,1,1
https://github.com/rsquaredacademy/blorr/issues/18,1,1,None,W,W,aravindhebbali,1,1,1
https://github.com/rsquaredacademy/blorr/issues/19,1,1,None,W,W,aravindhebbali,1,1,1
https://github.com/rsquaredacademy/blorr/issues/2,1,1,None,W,W,aravindhebbali,1,1,1
https://github.com/rsquaredacademy/blorr/issues/20,1,1,None,W,W,aravindhebbali,1,1,1
https://github.com/rsquaredacademy/blorr/issues/21,1,1,None,W,W,aravindhebbali,1,1,1
https://github.com/rsquaredacademy/blorr/issues/22,1,1,None,W,W,aravindhebbali,1,1,1
https://github.com/rsquaredacademy/blorr/issues/23,1,1,https://github.com/scikit-learn/scikit-learn/issues/1942,R,O,aravindhebbali,1,1,1
https://github.com/rsquaredacademy/blorr/issues/24,1,1,None,W,W,aravindhebbali,1,1,1
https://github.com/rsquaredacademy/blorr/issues/25,1,1,None,W,W,aravindhebbali,1,1,1
https://github.com/rsquaredacademy/blorr/issues/26,1,1,None,W,W,aravindhebbali,1,1,1
https://github.com/rsquaredacademy/blorr/issues/27,1,1,None,W,W,aravindhebbali,1,1,1
https://github.com/rsquaredacademy/blorr/issues/28,1,1,None,W,W,aravindhebbali,1,1,1
https://github.com/rsquaredacademy/blorr/issues/29,1,1,None,W,W,aravindhebbali,1,1,1
https://github.com/rsquaredacademy/blorr/issues/3,1,1,None,W,W,aravindhebbali,1,1,1
https://github.com/rsquaredacademy/blorr/issues/30,1,1,None,W,W,aravindhebbali,1,1,1
https://github.com/rsquaredacademy/blorr/issues/31,1,1,None,W,W,aravindhebbali,1,1,1
https://github.com/rsquaredacademy/blorr/issues/32,1,1,None,W,W,aravindhebbali,1,1,1
https://github.com/rsquaredacademy/blorr/issues/33,1,1,None,W,W,aravindhebbali,1,1,1
https://github.com/rsquaredacademy/blorr/issues/34,1,1,None,W,W,aravindhebbali,1,1,1
https://github.com/rsquaredacademy/blorr/issues/35,1,1,None,W,W,aravindhebbali,1,1,1
https://github.com/rsquaredacademy/blorr/issues/36,1,1,None,W,W,aravindhebbali,1,1,1
https://github.com/rsquaredacademy/blorr/issues/37,1,1,None,W,W,aravindhebbali,1,1,1
https://github.com/rsquaredacademy/blorr/issues/38,1,1,None,W,W,aravindhebbali,1,1,1
https://github.com/rsquaredacademy/blorr/issues/39,1,1,None,W,W,aravindhebbali,1,1,1
https://github.com/rsquaredacademy/blorr/issues/4,1,1,None,W,W,aravindhebbali,1,1,1
https://github.com/rsquaredacademy/blorr/issues/40,1,1,None,W,W,aravindhebbali,1,1,1
https://github.com/rsquaredacademy/blorr/issues/41,1,1,None,W,W,aravindhebbali,1,1,1
https://github.com/rsquaredacademy/blorr/issues/42,1,1,None,W,W,aravindhebbali,1,1,1
https://github.com/rsquaredacademy/blorr/issues/43,1,1,None,W,W,aravindhebbali,1,1,1
https://github.com/rsquaredacademy/blorr/issues/44,1,1,https://github.com/scikit-learn/scikit-learn/issues/3070,Y,O,aravindhebbali,1,1,1
https://github.com/rsquaredacademy/blorr/issues/45,2,21,None,W,W,aaronxs,0,0,0
https://github.com/rsquaredacademy/blorr/issues/46,1,1,None,W,W,aravindhebbali,1,1,1
https://github.com/rsquaredacademy/blorr/issues/47,1,1,None,W,W,aravindhebbali,1,1,1
https://github.com/rsquaredacademy/blorr/issues/48,1,1,https://github.com/scikit-learn/scikit-learn/issues/6146,Y,B,aravindhebbali,1,1,1
https://github.com/rsquaredacademy/blorr/issues/49,1,1,None,W,W,aravindhebbali,1,1,1
https://github.com/rsquaredacademy/blorr/issues/5,1,1,None,W,W,aravindhebbali,1,1,1
https://github.com/rsquaredacademy/blorr/issues/50,1,1,None,W,W,aravindhebbali,1,1,1
https://github.com/rsquaredacademy/blorr/issues/51,1,1,None,W,W,aravindhebbali,1,1,1
https://github.com/rsquaredacademy/blorr/issues/52,1,1,None,W,W,aravindhebbali,1,1,1
https://github.com/rsquaredacademy/blorr/issues/53,1,1,None,W,W,aravindhebbali,1,1,1
https://github.com/rsquaredacademy/blorr/issues/54,1,1,None,W,W,aravindhebbali,1,1,1
https://github.com/rsquaredacademy/blorr/issues/55,1,1,None,W,W,aravindhebbali,1,1,1
https://github.com/rsquaredacademy/blorr/issues/56,1,1,None,W,W,aravindhebbali,1,1,1
https://github.com/rsquaredacademy/blorr/issues/57,1,1,None,W,W,aravindhebbali,1,1,1
https://github.com/rsquaredacademy/blorr/issues/58,1,1,None,W,W,aravindhebbali,1,1,1
https://github.com/rsquaredacademy/blorr/issues/59,1,1,None,W,W,aravindhebbali,1,1,1
https://github.com/rsquaredacademy/blorr/issues/6,1,1,None,W,W,aravindhebbali,1,1,1
https://github.com/rsquaredacademy/blorr/issues/60,2,5,None,W,W,sagarneelde,0,0,0
https://github.com/rsquaredacademy/blorr/issues/61,1,1,None,W,W,aravindhebbali,1,1,1
https://github.com/rsquaredacademy/blorr/issues/62,1,157,https://github.com/scikit-learn/scikit-learn/issues/97,Y,O,aravindhebbali,1,1,1
https://github.com/rsquaredacademy/blorr/issues/63,1,1,https://github.com/scikit-learn/scikit-learn/issues/1581,Y,O,aravindhebbali,1,1,1
https://github.com/rsquaredacademy/blorr/issues/64,1,1,None,W,W,aravindhebbali,1,1,1
https://github.com/rsquaredacademy/blorr/issues/65,1,1,None,W,W,aravindhebbali,1,1,1
https://github.com/rsquaredacademy/blorr/issues/66,1,1,None,W,W,aravindhebbali,1,1,1
https://github.com/rsquaredacademy/blorr/issues/67,1,1,None,W,W,aravindhebbali,1,1,1
https://github.com/rsquaredacademy/blorr/issues/68,1,1,None,W,W,aravindhebbali,1,1,1
https://github.com/rsquaredacademy/blorr/issues/69,1,1,None,W,W,aravindhebbali,1,1,1
https://github.com/rsquaredacademy/blorr/issues/7,1,1,None,W,W,aravindhebbali,1,1,1
https://github.com/rsquaredacademy/blorr/issues/70,1,1,None,W,W,aravindhebbali,1,1,1
https://github.com/rsquaredacademy/blorr/issues/71,1,1,None,W,W,aravindhebbali,1,1,1
https://github.com/rsquaredacademy/blorr/issues/8,1,1,https://github.com/scikit-learn/scikit-learn/issues/97,Y,O,aravindhebbali,1,1,1
https://github.com/rsquaredacademy/blorr/issues/9,1,1,None,W,W,aravindhebbali,1,1,1
https://github.com/sorhawell/forestFloor/issues/1,1,14,https://github.com/scikit-learn/scikit-learn/issues/2458,Y,R,sorhawell,0,1,1
https://github.com/sorhawell/forestFloor/issues/10,1,1,None,W,W,sorhawell,0,1,1
https://github.com/sorhawell/forestFloor/issues/11,1,2,None,W,W,sorhawell,0,1,1
https://github.com/sorhawell/forestFloor/issues/12,2,41,None,W,W,sorhawell,0,1,1
https://github.com/sorhawell/forestFloor/issues/13,1,424,https://github.com/scikit-learn/scikit-learn/issues/5041,Y,R,sorhawell,0,1,1
https://github.com/sorhawell/forestFloor/issues/14,1,418,None,W,W,sorhawell,0,1,1
https://github.com/sorhawell/forestFloor/issues/15,1,1,https://github.com/scikit-learn/scikit-learn/issues/1732,O,O,sorhawell,0,1,1
https://github.com/sorhawell/forestFloor/issues/16,2,437,None,W,W,sorhawell,0,1,1
https://github.com/sorhawell/forestFloor/issues/17,1,1,None,W,W,sorhawell,0,1,1
https://github.com/sorhawell/forestFloor/issues/18,1,1,None,W,W,sorhawell,0,1,1
https://github.com/sorhawell/forestFloor/issues/19,1,1,None,W,W,sorhawell,0,1,1
https://github.com/sorhawell/forestFloor/issues/2,1,1,None,W,W,sorhawell,0,1,1
https://github.com/sorhawell/forestFloor/issues/20,1,1,https://github.com/scikit-learn/scikit-learn/issues/1732,Y,O,sorhawell,0,1,1
https://github.com/sorhawell/forestFloor/issues/21,1,23,None,W,W,sorhawell,0,1,1
https://github.com/sorhawell/forestFloor/issues/22,3,689,None,W,W,sorhawell,0,1,1
https://github.com/sorhawell/forestFloor/issues/23,1,137,None,W,W,sorhawell,0,1,1
https://github.com/sorhawell/forestFloor/issues/24,1,1,None,W,W,sorhawell,0,1,1
https://github.com/sorhawell/forestFloor/issues/25,2,5,None,W,W,sorhawell,0,1,1
https://github.com/sorhawell/forestFloor/issues/26,1,32,None,W,W,sorhawell,0,1,1
https://github.com/sorhawell/forestFloor/issues/27,1,1,None,W,W,sorhawell,0,1,1
https://github.com/sorhawell/forestFloor/issues/28,1,1,https://github.com/scikit-learn/scikit-learn/issues/3782,O,O,sorhawell,0,1,1
https://github.com/sorhawell/forestFloor/issues/29,1,1,None,W,W,sorhawell,0,1,1
https://github.com/sorhawell/forestFloor/issues/3,1,1,None,W,W,sorhawell,0,1,1
https://github.com/sorhawell/forestFloor/issues/30,2,9,None,W,W,sorhawell,0,1,1
https://github.com/sorhawell/forestFloor/issues/31,2,1,None,W,W,sorhawell,0,1,1
https://github.com/sorhawell/forestFloor/issues/32,2,32,None,W,W,sorhawell,0,1,1
https://github.com/sorhawell/forestFloor/issues/33,1,1,None,W,W,sorhawell,0,1,1
https://github.com/sorhawell/forestFloor/issues/4,1,7,None,W,W,sorhawell,0,1,1
https://github.com/sorhawell/forestFloor/issues/5,1,2,https://github.com/scikit-learn/scikit-learn/issues/5041,Y,O,sorhawell,0,1,1
https://github.com/sorhawell/forestFloor/issues/6,1,10,None,W,W,sorhawell,0,1,1
https://github.com/sorhawell/forestFloor/issues/7,1,100,None,W,W,sorhawell,0,1,1
https://github.com/sorhawell/forestFloor/issues/8,1,5,None,W,W,sorhawell,0,1,1
https://github.com/sorhawell/forestFloor/issues/9,4,729,None,W,W,sorhawell,0,1,1
https://github.com/suiji/Arborist/issues/1,2,424,https://github.com/scikit-learn/scikit-learn/issues/3808,Y,P,suiji,0,1,0
https://github.com/suiji/Arborist/issues/10,2,1,None,W,W,suiji,0,1,0
https://github.com/suiji/Arborist/issues/11,2,1,None,W,W,suiji,0,1,0
https://github.com/suiji/Arborist/issues/12,2,2,None,W,W,suiji,0,1,0
https://github.com/suiji/Arborist/issues/13,2,804,None,W,W,suiji,0,1,0
https://github.com/suiji/Arborist/issues/14,2,36,https://github.com/scikit-learn/scikit-learn/issues/3313,Y,R,suiji,0,1,0
https://github.com/suiji/Arborist/issues/15,2,12,None,W,W,suiji,0,1,0
https://github.com/suiji/Arborist/issues/16,2,13,None,W,W,suiji,0,1,0
https://github.com/suiji/Arborist/issues/17,2,1,None,W,W,suiji,0,1,0
https://github.com/suiji/Arborist/issues/18,2,1,None,W,W,suiji,0,1,0
https://github.com/suiji/Arborist/issues/19,2,169,https://github.com/scikit-learn/scikit-learn/issues/571,O,R,suiji,0,1,0
https://github.com/suiji/Arborist/issues/2,2,5,None,W,W,suiji,0,1,0
https://github.com/suiji/Arborist/issues/20,2,1,None,W,W,suiji,0,1,0
https://github.com/suiji/Arborist/issues/21,2,1,None,W,W,suiji,0,1,0
https://github.com/suiji/Arborist/issues/22,2,1,None,W,W,suiji,0,1,0
https://github.com/suiji/Arborist/issues/23,2,132,None,W,W,suiji,0,1,0
https://github.com/suiji/Arborist/issues/24,2,7,None,W,W,suiji,0,1,0
https://github.com/suiji/Arborist/issues/25,1,6,None,W,W,suiji,0,1,0
https://github.com/suiji/Arborist/issues/26,2,17,None,W,W,suiji,0,1,0
https://github.com/suiji/Arborist/issues/27,1,26,None,W,W,suiji,0,1,0
https://github.com/suiji/Arborist/issues/28,3,344,None,W,W,suiji,0,1,0
https://github.com/suiji/Arborist/issues/29,2,1,None,W,W,suiji,0,1,0
https://github.com/suiji/Arborist/issues/3,2,1,None,W,W,suiji,0,1,0
https://github.com/suiji/Arborist/issues/30,2,13,None,W,W,suiji,0,1,0
https://github.com/suiji/Arborist/issues/31,2,11,None,W,W,suiji,0,1,0
https://github.com/suiji/Arborist/issues/32,1,1,None,W,W,suiji,0,1,0
https://github.com/suiji/Arborist/issues/33,3,27,None,W,W,suiji,0,1,0
https://github.com/suiji/Arborist/issues/34,2,7,None,W,W,suiji,0,1,0
https://github.com/suiji/Arborist/issues/35,1,39,None,W,W,suiji,0,1,0
https://github.com/suiji/Arborist/issues/36,2,101,None,W,W,suiji,0,1,0
https://github.com/suiji/Arborist/issues/37,2,4,None,W,W,suiji,0,1,0
https://github.com/suiji/Arborist/issues/38,1,216,None,W,W,suiji,0,1,0
https://github.com/suiji/Arborist/issues/39,2,5,None,W,W,suiji,0,1,0
https://github.com/suiji/Arborist/issues/4,2,1,None,W,W,suiji,0,1,0
https://github.com/suiji/Arborist/issues/40,3,306,None,W,W,suiji,0,1,0
https://github.com/suiji/Arborist/issues/41,2,2,https://github.com/scikit-learn/scikit-learn/issues/3727,Y,R,suiji,0,1,0
https://github.com/suiji/Arborist/issues/42,1,4,https://github.com/scikit-learn/scikit-learn/issues/5041,Y,R,suiji,0,1,0
https://github.com/suiji/Arborist/issues/5,2,1,None,W,W,suiji,0,1,0
https://github.com/suiji/Arborist/issues/6,3,474,None,W,W,suiji,0,1,0
https://github.com/suiji/Arborist/issues/7,2,1,None,W,W,suiji,0,1,0
https://github.com/suiji/Arborist/issues/8,2,2,https://github.com/scikit-learn/scikit-learn/issues/5491,O,O,suiji,0,1,0
https://github.com/suiji/Arborist/issues/9,2,1,None,W,W,suiji,0,1,0
https://github.com/szilard/benchm-ml/issues/1,5,707,None,W,W,szilard,1,1,1
https://github.com/szilard/benchm-ml/issues/10,2,1,https://github.com/scikit-learn/scikit-learn/issues/6473,R,O,szilard,1,1,1
https://github.com/szilard/benchm-ml/issues/11,2,1,None,W,W,szilard,1,1,1
https://github.com/szilard/benchm-ml/issues/12,1,1,None,W,W,szilard,1,1,1
https://github.com/szilard/benchm-ml/issues/13,1,25,None,W,W,szilard,1,1,1
https://github.com/szilard/benchm-ml/issues/14,2,2,None,W,W,szilard,1,1,1
https://github.com/szilard/benchm-ml/issues/15,3,3,https://github.com/scikit-learn/scikit-learn/issues/5491,Y,O,szilard,1,1,1
https://github.com/szilard/benchm-ml/issues/16,1,24,None,W,W,szilard,1,1,1
https://github.com/szilard/benchm-ml/issues/17,2,72,None,W,W,szilard,1,1,1
https://github.com/szilard/benchm-ml/issues/18,2,1,None,W,W,szilard,1,1,1
https://github.com/szilard/benchm-ml/issues/19,6,1135,None,W,W,szilard,1,1,1
https://github.com/szilard/benchm-ml/issues/2,2,20,None,W,W,szilard,1,1,1
https://github.com/szilard/benchm-ml/issues/20,2,212,None,W,W,szilard,1,1,1
https://github.com/szilard/benchm-ml/issues/21,2,1,None,W,W,szilard,1,1,1
https://github.com/szilard/benchm-ml/issues/22,2,3,None,W,W,szilard,1,1,1
https://github.com/szilard/benchm-ml/issues/23,2,5,None,W,W,szilard,1,1,1
https://github.com/szilard/benchm-ml/issues/24,2,1,None,W,W,szilard,1,1,1
https://github.com/szilard/benchm-ml/issues/25,3,16,None,W,W,szilard,1,1,1
https://github.com/szilard/benchm-ml/issues/26,2,1,None,W,W,szilard,1,1,1
https://github.com/szilard/benchm-ml/issues/27,2,182,None,W,W,szilard,1,1,1
https://github.com/szilard/benchm-ml/issues/28,2,5,None,W,W,szilard,1,1,1
https://github.com/szilard/benchm-ml/issues/29,2,4,None,W,W,szilard,1,1,1
https://github.com/szilard/benchm-ml/issues/3,2,3,None,W,W,szilard,1,1,1
https://github.com/szilard/benchm-ml/issues/30,2,5,None,W,W,szilard,1,1,1
https://github.com/szilard/benchm-ml/issues/31,2,4,None,W,W,szilard,1,1,1
https://github.com/szilard/benchm-ml/issues/32,2,16,None,W,W,szilard,1,1,1
https://github.com/szilard/benchm-ml/issues/33,2,2,None,W,W,szilard,1,1,1
https://github.com/szilard/benchm-ml/issues/34,3,44,None,W,W,szilard,1,1,1
https://github.com/szilard/benchm-ml/issues/35,2,1,None,W,W,szilard,1,1,1
https://github.com/szilard/benchm-ml/issues/36,2,1,None,W,W,szilard,1,1,1
https://github.com/szilard/benchm-ml/issues/37,3,474,None,W,W,szilard,1,1,1
https://github.com/szilard/benchm-ml/issues/38,2,2,None,W,W,szilard,1,1,1
https://github.com/szilard/benchm-ml/issues/39,3,2,None,W,W,szilard,1,1,1
https://github.com/szilard/benchm-ml/issues/4,2,1,None,W,W,szilard,1,1,1
https://github.com/szilard/benchm-ml/issues/40,1,1,None,W,W,szilard,1,1,1
https://github.com/szilard/benchm-ml/issues/41,2,1,None,W,W,szilard,1,1,1
https://github.com/szilard/benchm-ml/issues/42,2,2,None,W,W,szilard,1,1,1
https://github.com/szilard/benchm-ml/issues/43,2,4,None,W,W,szilard,1,1,1
https://github.com/szilard/benchm-ml/issues/44,1,1,None,W,W,szilard,1,1,1
https://github.com/szilard/benchm-ml/issues/45,2,1,None,W,W,szilard,1,1,1
https://github.com/szilard/benchm-ml/issues/46,4,202,None,W,W,szilard,1,1,1
https://github.com/szilard/benchm-ml/issues/47,1,1,None,W,W,szilard,1,1,1
https://github.com/szilard/benchm-ml/issues/48,2,2,None,W,W,szilard,1,1,1
https://github.com/szilard/benchm-ml/issues/49,2,1,None,W,W,szilard,1,1,1
https://github.com/szilard/benchm-ml/issues/5,2,60,None,W,W,szilard,1,1,1
https://github.com/szilard/benchm-ml/issues/50,2,2,None,W,W,szilard,1,1,1
https://github.com/szilard/benchm-ml/issues/51,3,3,None,W,W,szilard,1,1,1
https://github.com/szilard/benchm-ml/issues/52,2,2,None,W,W,szilard,1,1,1
https://github.com/szilard/benchm-ml/issues/53,2,3,None,W,W,szilard,1,1,1
https://github.com/szilard/benchm-ml/issues/54,2,1,None,W,W,szilard,1,1,1
https://github.com/szilard/benchm-ml/issues/55,2,1,None,W,W,szilard,1,1,1
https://github.com/szilard/benchm-ml/issues/56,2,46,None,W,W,szilard,1,1,1
https://github.com/szilard/benchm-ml/issues/6,2,3,None,W,W,szilard,1,1,1
https://github.com/szilard/benchm-ml/issues/7,2,7,None,W,W,szilard,1,1,1
https://github.com/szilard/benchm-ml/issues/8,2,6,None,W,W,szilard,1,1,1
https://github.com/szilard/benchm-ml/issues/9,3,1246,None,W,W,szilard,1,1,1